event_id,intended_event,classifier_top1,classifier_confidence,ood_score,geometry_score,geometry_source_cutoff,first_stable_class,first_stable_end_ms,final_accept_reject,legacy_end_reason,legacy_raw_top1,legacy_accepted,windows_evaluated,confidence_only_first_stable,binary_ood_first_stable,combined_product_first_stable,binary_and_geometry_first_stable
01b9d7a6-1c71-4a47-a08c-22109c3d61e6,NON_SIGN:partial,YES,0.7669117450714111,6.856461368442979e-06,2.3109900201148665,0.8546614249472471,,,EXPLORATORY_REJECT,EVENT_TIMEOUT,YES,False,98,,,,
0d44112a-e458-4760-88bb-1faeb73571f3,HELLO,HELLO,0.9999681711196899,0.5015100240707397,0.7439396094119434,0.8414721925057369,HELLO,3121171650,EXPLORATORY_ACCEPT,AUTO_LEGACY_RELEASE,HELLO,True,34,HELLO,HELLO,HELLO,HELLO
121887ef-f0aa-4b48-af5a-d50b0aa995d4,UNDERSTAND,YES,0.4677222967147827,9.144766863755649e-07,1.7589950664951401,0.8546614249472471,,,EXPLORATORY_REJECT,MANUAL_END,YES,False,70,,,,
152735d4-a3d2-4397-924b-f6d609b5b5e2,THANK YOU,THANK YOU,0.9989945292472839,0.9853435158729553,2.850229468897484,1.5795410849213871,,,EXPLORATORY_REJECT,AUTO_LEGACY_RELEASE,THANK YOU,True,6,,,,
1da838a6-c270-41b9-a0a7-66a0336d5061,YES,YES,0.8079288601875305,0.1485649198293686,0.8438509426719846,0.8546614249472471,,,EXPLORATORY_REJECT,MANUAL_END,YES,False,71,,,,
21d4a016-d42c-4679-90b4-7cde3082e530,THANK YOU,THANK YOU,0.9999951124191284,0.9869228601455688,2.6430373809032295,1.5795410849213871,THANK YOU,3121544878,EXPLORATORY_ACCEPT,AUTO_LEGACY_RELEASE,THANK YOU,True,30,THANK YOU,THANK YOU,THANK YOU,
28adc662-b6f7-4395-b96a-a7ebf87c393e,HELLO,HELLO,0.9999595880508423,0.5049983263015747,0.8353387769241424,0.8414721925057369,HELLO,3053744761,EXPLORATORY_ACCEPT,EVENT_TIMEOUT,HELLO,False,110,HELLO,HELLO,HELLO,HELLO
292da581-3726-4b76-a163-17c2e8f4c5e9,THANK YOU,THANK YOU,0.9999988079071045,0.9950218796730042,2.124683942690207,1.5795410849213871,THANK YOU,3118544115,EXPLORATORY_ACCEPT,MANUAL_END,THANK YOU,True,46,THANK YOU,THANK YOU,THANK YOU,
3844d179-433d-4995-ab4a-3b931f1564fb,NO,NO,0.998832643032074,0.3407664895057678,1.0609076665367876,1.682499187256488,,,EXPLORATORY_REJECT,EVENT_TIMEOUT,NO,False,102,NO,,,
3aaaede4-20e2-4dcc-a8df-31770cb0f2bc,NON_SIGN:partial,YES,0.6017372012138367,3.587723767850548e-05,1.7360896629211118,0.8546614249472471,,,EXPLORATORY_REJECT,EVENT_TIMEOUT,YES,False,97,,,,
3e5b1204-5b69-4fac-addc-12a46d9d2eb4,NO,NO,0.9987829327583313,0.33944961428642273,0.9946462298722607,1.682499187256488,,,EXPLORATORY_REJECT,MANUAL_END,NO,True,74,NO,,,
420cc5ea-e84a-4c3f-aa5e-4178490020f4,NON_SIGN:neutral,,,,,,,,EXPLORATORY_REJECT,EVENT_TIMEOUT,,False,113,,,,
4bd6fd5b-4998-44ad-9009-bd1ab106f7a8,THANK YOU,THANK YOU,0.9999996423721313,0.9895169138908386,3.1142728810277536,1.5795410849213871,THANK YOU,3121355704,EXPLORATORY_ACCEPT,EVENT_TIMEOUT,THANK YOU,False,65,THANK YOU,THANK YOU,THANK YOU,
4c6bd2f7-3bb2-4450-84f4-fc8f944742e7,NON_SIGN:wave,THANK YOU,0.9997661709785461,1.3773487905766046e-10,3.2790751829339615,1.5795410849213871,,,EXPLORATORY_REJECT,MANUAL_END,THANK YOU,True,69,THANK YOU,,,
4ca5ef47-7650-4d73-9ed1-965d07417ff5,THANK YOU,THANK YOU,0.9999988079071045,0.993381142616272,2.5887158107432606,1.5795410849213871,THANK YOU,3118528183,EXPLORATORY_ACCEPT,EVENT_TIMEOUT,THANK YOU,False,91,THANK YOU,THANK YOU,THANK YOU,
4f6289c7-d7b9-40d0-9bfa-c662039c6404,YES,HELLO,0.9853690266609192,0.26233434677124023,0.8610891648707828,0.8414721925057369,,,EXPLORATORY_REJECT,EVENT_TIMEOUT,HELLO,False,78,HELLO,,,
54ffcf0a-1add-41a3-9ec7-580305af4c78,UNDERSTAND,UNDERSTAND,0.9999996423721313,0.7760055065155029,1.0091568146251064,1.701076847675579,UNDERSTAND,3122172784,EXPLORATORY_ACCEPT,AUTO_LEGACY_RELEASE,UNDERSTAND,True,46,UNDERSTAND,UNDERSTAND,UNDERSTAND,UNDERSTAND
55aa3c3a-2e96-4a1b-8feb-7006cee19094,THANK YOU,THANK YOU,0.9999991655349731,0.9796396493911743,2.5901976278846153,1.5795410849213871,THANK YOU,3121711033,EXPLORATORY_ACCEPT,EVENT_TIMEOUT,THANK YOU,False,73,THANK YOU,THANK YOU,THANK YOU,
59f90c98-eff9-41a6-a571-524a1773653f,UNDERSTAND,UNDERSTAND,0.9999983310699463,0.7976340651512146,0.8680331386722168,1.701076847675579,UNDERSTAND,3122180960,EXPLORATORY_ACCEPT,AUTO_LEGACY_RELEASE,UNDERSTAND,True,57,UNDERSTAND,UNDERSTAND,UNDERSTAND,UNDERSTAND
5d9d956e-e970-46d5-9abc-076b29ccf418,NON_SIGN:partial,HELLO,0.999612033367157,0.7358894348144531,1.1875079581600776,0.8414721925057369,,,EXPLORATORY_REJECT,MANUAL_END,HELLO,False,28,,,,
6367c03a-381e-4613-ada3-0ec703495389,NON_SIGN:partial,UNDERSTAND,0.9999986886978149,0.055768728256225586,2.2435997266937626,1.701076847675579,UNDERSTAND,3120936562,EXPLORATORY_ACCEPT,MANUAL_END,UNDERSTAND,True,54,UNDERSTAND,UNDERSTAND,UNDERSTAND,
63743bae-4bc8-4f64-aba5-59c62accf092,NO,NO,0.9912441968917847,0.30350708961486816,0.9064496187823761,1.682499187256488,,,EXPLORATORY_REJECT,EVENT_TIMEOUT,NO,False,70,,,,
63c77fe8-61b5-4868-8eb3-3ad85e6d1c34,NON_SIGN:neutral,,,,,,,,EXPLORATORY_REJECT,MANUAL_END,,False,21,,,,
72f1d7f0-ce23-4ddf-931b-a2bfcc58915e,NO,NO,0.9985176920890808,0.3326204717159271,1.083045820334081,1.682499187256488,,,EXPLORATORY_REJECT,EVENT_TIMEOUT,NO,False,66,NO,,,
7dc79689-2fb9-407b-b205-23f8cfd94a34,HELLO,HELLO,0.9999126195907593,0.39419299364089966,1.1467887139344644,0.8414721925057369,HELLO,3054025967,EXPLORATORY_ACCEPT,MANUAL_END,HELLO,True,72,HELLO,HELLO,HELLO,
7f354ff6-f5c1-482d-b6a8-41999c715e94,HELLO,HELLO,0.9999055862426758,0.5644396543502808,1.0886048420576664,0.8414721925057369,HELLO,3053994125,EXPLORATORY_ACCEPT,MANUAL_END,HELLO,True,66,HELLO,HELLO,HELLO,
7ff21d8e-40b6-4d66-b3ca-84ae232d3c88,UNDERSTAND,UNDERSTAND,0.9999438524246216,0.3016827404499054,0.9267970185217432,1.701076847675579,UNDERSTAND,3119876378,EXPLORATORY_ACCEPT,MANUAL_END,UNDERSTAND,True,77,UNDERSTAND,UNDERSTAND,UNDERSTAND,UNDERSTAND
817019b1-c404-4d60-8aeb-c24f49091005,HELLO,HELLO,0.9993834495544434,0.3471595048904419,1.180881924287112,0.8414721925057369,HELLO,3053651757,EXPLORATORY_ACCEPT,EVENT_TIMEOUT,HELLO,False,114,NO,HELLO,HELLO,
8658f354-ee55-490c-9295-3e45847b39fb,NON_SIGN:wave,THANK YOU,0.9998317956924438,1.7017368070249006e-10,3.380960452088142,1.5795410849213871,,,EXPLORATORY_REJECT,MANUAL_END,THANK YOU,True,79,THANK YOU,,,
87f61692-1b10-4315-8945-52be2d4e88cf,NON_SIGN:neutral,,,,,,,,EXPLORATORY_REJECT,MANUAL_END,,False,19,,,,
89e7476e-c55a-4f42-a919-08fdc4a14e1b,HELLO,HELLO,0.9998303651809692,0.7900813817977905,1.0648958841797924,0.8414721925057369,HELLO,3053821718,EXPLORATORY_ACCEPT,EVENT_TIMEOUT,HELLO,False,113,HELLO,HELLO,HELLO,
8e1e55e5-580d-4e49-9766-908bf2e6ef88,UNDERSTAND,UNDERSTAND,0.9999961853027344,0.5292508602142334,0.9713750217586714,1.701076847675579,UNDERSTAND,3119678885,EXPLORATORY_ACCEPT,MANUAL_END,UNDERSTAND,True,76,UNDERSTAND,UNDERSTAND,UNDERSTAND,UNDERSTAND
93b4def1-9ac2-4a79-832f-ba2a61b58807,UNDERSTAND,UNDERSTAND,0.9999992847442627,0.7558367848396301,0.9455516170255052,1.701076847675579,UNDERSTAND,3122189973,EXPLORATORY_ACCEPT,AUTO_LEGACY_RELEASE,UNDERSTAND,True,10,UNDERSTAND,UNDERSTAND,UNDERSTAND,UNDERSTAND
95d3d82d-8822-42c0-983c-a4b54139eea9,HELLO,HELLO,0.9996700286865234,0.6775171756744385,1.2374791681685515,0.8414721925057369,HELLO,3053871160,EXPLORATORY_ACCEPT,MANUAL_END,HELLO,True,90,HELLO,HELLO,HELLO,
99980ad4-7d5d-4254-a5ee-c90c795ffe08,HELLO,HELLO,0.9999701976776123,0.4778619408607483,0.7730337811654536,0.8414721925057369,,,EXPLORATORY_REJECT,AUTO_LEGACY_RELEASE,HELLO,True,3,,,,
9ae05a73-8a7f-4703-b1b7-2131f2fa0d62,UNDERSTAND,UNDERSTAND,0.9999780654907227,0.3628331422805786,0.8291417875645594,1.701076847675579,UNDERSTAND,3119865171,EXPLORATORY_ACCEPT,MANUAL_END,UNDERSTAND,True,88,UNDERSTAND,UNDERSTAND,UNDERSTAND,UNDERSTAND
9b9d39e5-4538-482d-b4dc-8baf79fff3e2,UNDERSTAND,THANK YOU,0.5067836046218872,2.1121329609741224e-06,3.0782998272582023,1.5795410849213871,,,EXPLORATORY_REJECT,EVENT_TIMEOUT,THANK YOU,False,98,,,,
9bbe8475-3c0b-4f17-b48e-7aab87f22518,YES,HELLO,0.7405425310134888,0.20218834280967712,0.8352299720764089,0.8414721925057369,,,EXPLORATORY_REJECT,MANUAL_END,HELLO,False,90,,,,
9fdb9363-e6ee-4a0d-acef-dc6b63672234,NO,NO,0.9986728429794312,0.31406956911087036,1.057797438735184,1.682499187256488,,,EXPLORATORY_REJECT,MANUAL_END,NO,True,82,NO,,,
a2af4222-6aca-4e40-9a6e-a4c969059989,YES,HELLO,0.8296306729316711,0.17768537998199463,0.8069958376074934,0.8414721925057369,,,EXPLORATORY_REJECT,MANUAL_END,HELLO,False,89,,,,
a3ea736a-b4c6-4118-b05a-7cd119d0d40e,NON_SIGN:wave,HELLO,0.9989915490150452,0.3629406690597534,1.2977254520616135,0.8414721925057369,HELLO,3120622907,EXPLORATORY_ACCEPT,EVENT_TIMEOUT,HELLO,False,98,HELLO,HELLO,HELLO,
a7469825-9b3d-49e3-9c1e-0f232e1cffec,NO,NO,0.9068744778633118,0.29341939091682434,0.9859278184672445,1.682499187256488,,,EXPLORATORY_REJECT,MANUAL_END,NO,False,80,,,,
ab0438b6-f5a1-428a-9e99-430a86c74b7b,YES,YES,0.9678499102592468,0.21587467193603516,0.8549093320140077,0.8546614249472471,,,EXPLORATORY_REJECT,EVENT_TIMEOUT,YES,False,93,,,,
ab1c5f16-5cc0-4bd0-a0de-1040e2493eb5,NO,NO,0.99870765209198,0.33950692415237427,0.9073284601167171,1.682499187256488,,,EXPLORATORY_REJECT,EVENT_TIMEOUT,NO,False,90,NO,,,
af38390d-d26e-4eae-a27c-28b4ae87859f,YES,YES,0.5346280932426453,0.24164296686649323,0.780350374667828,0.8546614249472471,,,EXPLORATORY_REJECT,MANUAL_END,YES,False,82,,,,
b8416157-59fe-47cb-8025-7ac8abcb055d,HELLO,HELLO,0.999945878982544,0.35192373394966125,0.8728202111074196,0.8414721925057369,HELLO,3053864733,EXPLORATORY_ACCEPT,MANUAL_END,HELLO,True,77,HELLO,HELLO,HELLO,
b923c14f-9948-493b-9612-2023d241d3a0,UNDERSTAND,UNDERSTAND,0.9998492002487183,0.49081385135650635,0.8950109574495773,1.701076847675579,UNDERSTAND,3119698415,EXPLORATORY_ACCEPT,MANUAL_END,UNDERSTAND,False,85,UNDERSTAND,UNDERSTAND,UNDERSTAND,UNDERSTAND
c2d7e3cc-f29d-4b63-a74e-a00b4e8d9e1d,THANK YOU,THANK YOU,0.9999994039535522,0.9891427159309387,2.598437032132641,1.5795410849213871,THANK YOU,3118550689,EXPLORATORY_ACCEPT,MANUAL_END,THANK YOU,True,70,THANK YOU,THANK YOU,THANK YOU,
c74929d8-7546-4ded-885d-bc7a0742be5f,YES,THANK YOU,0.9999662637710571,8.824339100144823e-14,3.141692669437199,1.5795410849213871,,,EXPLORATORY_REJECT,MANUAL_END,THANK YOU,True,72,THANK YOU,,,
ca7b2d4b-4222-4326-a116-10d84a271b04,UNDERSTAND,UNDERSTAND,0.9998650550842285,0.15027475357055664,1.0965297986614189,1.701076847675579,UNDERSTAND,3119690432,EXPLORATORY_ACCEPT,EVENT_TIMEOUT,UNDERSTAND,False,101,UNDERSTAND,UNDERSTAND,UNDERSTAND,UNDERSTAND
cd81c2b8-bf98-40c7-9ed7-9aad412a03d5,YES,HELLO,0.9455579519271851,0.2670246362686157,0.9490680829774503,0.8414721925057369,,,EXPLORATORY_REJECT,EVENT_TIMEOUT,HELLO,False,71,,,,
d2a4cd2c-8285-45ef-a8a7-b7f08463228f,HELLO,HELLO,0.9999517202377319,0.48098811507225037,1.0330036542547574,0.8414721925057369,HELLO,3053606422,EXPLORATORY_ACCEPT,EVENT_TIMEOUT,HELLO,False,112,HELLO,HELLO,HELLO,
d745cc61-1a8c-45c4-bdf8-d0068f1282f7,NON_SIGN:wave,HELLO,0.9999110698699951,0.34536582231521606,1.0320791880824391,0.8414721925057369,,,EXPLORATORY_REJECT,MANUAL_END,HELLO,True,85,HELLO,,,
d77e2c7d-6ef7-431d-b2a9-3ef4e111549e,HELLO,HELLO,0.9999749660491943,0.276504248380661,0.858004567987748,0.8414721925057369,HELLO,3053853223,EXPLORATORY_ACCEPT,MANUAL_END,HELLO,True,81,HELLO,HELLO,HELLO,
d83ef4b1-56f1-4c46-a532-a19136000614,YES,HELLO,0.9839457869529724,0.24784427881240845,0.9122325499592479,0.8414721925057369,,,EXPLORATORY_REJECT,EVENT_TIMEOUT,HELLO,False,74,,,,
d8b4a2e0-63a5-42ac-94aa-8eab573dc48e,HELLO,HELLO,0.9999562501907349,0.5099577903747559,0.8028349370194336,0.8414721925057369,HELLO,3121179094,EXPLORATORY_ACCEPT,AUTO_LEGACY_RELEASE,HELLO,True,41,HELLO,HELLO,HELLO,HELLO
dad74f43-1ba3-4ded-be3c-97dccc16f493,NON_SIGN:neutral,,,,,,,,EXPLORATORY_REJECT,MANUAL_END,,False,18,,,,
dbd8974c-bcb8-42d1-ab1b-1b122d310b38,YES,HELLO,0.6851884722709656,0.340425580739975,0.9170769028898969,0.8414721925057369,,,EXPLORATORY_REJECT,EVENT_TIMEOUT,HELLO,False,70,,,,
dcfef8da-6ba1-44ff-afa8-2e2102424c99,NON_SIGN:wave,HELLO,0.9992679953575134,0.3414348363876343,1.2458121783178668,0.8414721925057369,HELLO,3120658483,EXPLORATORY_ACCEPT,MANUAL_END,HELLO,True,82,HELLO,HELLO,HELLO,
e1bb9eed-0ff0-414c-b6c4-2fe037e50acf,HELLO,HELLO,0.9994779229164124,0.4946594536304474,1.0333002422285353,0.8414721925057369,HELLO,3054001770,EXPLORATORY_ACCEPT,MANUAL_END,HELLO,True,93,HELLO,HELLO,HELLO,
e34fb0d3-fed1-4f31-a69a-056b7584ce6f,NON_SIGN:neutral,,,,,,,,EXPLORATORY_REJECT,MANUAL_END,,False,20,,,,
e6c3a905-42ee-448a-98f1-28ec1295bb96,HELLO,HELLO,0.9999707937240601,0.5933960676193237,0.8237229502465413,0.8414721925057369,,,EXPLORATORY_REJECT,AUTO_LEGACY_RELEASE,HELLO,True,4,,,,
e8eb12a4-0333-483e-b19f-f349cdaee9b4,NON_SIGN:partial,YES,0.7408292293548584,1.0221639058727305e-05,2.614852112736285,0.8546614249472471,,,EXPLORATORY_REJECT,EVENT_TIMEOUT,YES,False,98,,,,
ebeb88a4-0340-4bd7-aa0d-8b37125bdab0,NON_SIGN:wave,HELLO,0.9997575879096985,0.34705954790115356,1.1408873068427694,0.8414721925057369,HELLO,3120640096,EXPLORATORY_ACCEPT,EVENT_TIMEOUT,HELLO,False,96,HELLO,HELLO,HELLO,
edb81d4b-2928-44a3-b9ab-ada10e62f6bb,NO,NO,0.9977906942367554,0.2996640205383301,1.109833189475483,1.682499187256488,,,EXPLORATORY_REJECT,EVENT_TIMEOUT,NO,False,58,,,,
ef653441-bc26-45c6-a800-c457d8cc982a,YES,YES,0.9712851643562317,0.26084426045417786,0.679282327914095,0.8546614249472471,,,EXPLORATORY_REJECT,EVENT_TIMEOUT,YES,False,87,,,,
fd3588bb-526d-4007-9fba-dd16bf2d5fde,THANK YOU,THANK YOU,0.9999986886978149,0.9713290333747864,2.530337233645014,1.5795410849213871,THANK YOU,3118558912,EXPLORATORY_ACCEPT,MANUAL_END,THANK YOU,True,74,THANK YOU,THANK YOU,THANK YOU,
fd3ec910-db43-4c2a-a3a7-cf005a9e0ef9,NO,NO,0.9954879879951477,0.3810461461544037,1.1245587131339254,1.682499187256488,,,EXPLORATORY_REJECT,MANUAL_END,NO,True,78,NO,,,
fedb76a6-e42d-4aa0-b099-9fefe3a23361,THANK YOU,THANK YOU,0.9999986886978149,0.9941064715385437,2.6084264293812476,1.5795410849213871,THANK YOU,3118567209,EXPLORATORY_ACCEPT,MANUAL_END,THANK YOU,True,83,THANK YOU,THANK YOU,THANK YOU,
