record_id,relative_path,source_label,class_index,raw_video_sha256,technical_status,partition,development_fold,group_id
967e634dec8b10d0,Transactional Filipino Sign Language Dataset/Transactional Filipino Sign Language Dataset/recorded_data/EIGHT/EIGHT_1.mp4,EIGHT,0,b65086d412f1ddc8371f1c90920c5602e72c3e314201b797c07e22a293630c94,PASS,development,3,sha-0260-b65086d412f1
85803e3d802bfbe5,Transactional Filipino Sign Language Dataset/Transactional Filipino Sign Language Dataset/recorded_data/EIGHT/EIGHT_10.mp4,EIGHT,0,e6921155f1e6456203b027a1ffdd6886d4990c899084e606414c37c571cbf9a7,PASS,development,3,sha-0330-e6921155f1e6
3e01f3b7c912abe2,Transactional Filipino Sign Language Dataset/Transactional Filipino Sign Language Dataset/recorded_data/EIGHT/EIGHT_11.mp4,EIGHT,0,f602ec247bc2acbd4ebd9305a19db756bf043ff6a14a1cc7fc8710a0c1791f57,PASS,development,0,sha-0356-f602ec247bc2
df5fb20133bab1fa,Transactional Filipino Sign Language Dataset/Transactional Filipino Sign Language Dataset/recorded_data/EIGHT/EIGHT_12.mp4,EIGHT,0,9724d0261e8bcf7a13a99b4141e7556a3b365baf801174f8f3577b1cdb691dc8,PASS,development,3,sha-0207-9724d0261e8b
f9806b5e2f83468c,Transactional Filipino Sign Language Dataset/Transactional Filipino Sign Language Dataset/recorded_data/EIGHT/EIGHT_14.mp4,EIGHT,0,6a67ada06dd2404f211284a2810bda2f96400d5b36c04f8cd9eb85e28ae91d47,PASS,sealed_test,,sha-0147-6a67ada06dd2
a762485163d4d860,Transactional Filipino Sign Language Dataset/Transactional Filipino Sign Language Dataset/recorded_data/EIGHT/EIGHT_19.mp4,EIGHT,0,2a6e19fe1b62eb02e944f6a926571b1297eeff3e4e764befe0ac460106313e64,PASS,development,1,sha-0064-2a6e19fe1b62
7875af2a2ce3b05f,Transactional Filipino Sign Language Dataset/Transactional Filipino Sign Language Dataset/recorded_data/EIGHT/EIGHT_20.mp4,EIGHT,0,b8ba72127385477a40e2c25385cb24e6b56762a3dab83c6ab34a9529669f604e,PASS,development,1,sha-0265-b8ba72127385
6d7360dbd49fced3,Transactional Filipino Sign Language Dataset/Transactional Filipino Sign Language Dataset/recorded_data/EIGHT/EIGHT_21.mp4,EIGHT,0,858482ab8304385474b560767724922f078c0045da82a613126772b98429546c,PASS,development,1,sha-0177-858482ab8304
3c7023af698259f5,Transactional Filipino Sign Language Dataset/Transactional Filipino Sign Language Dataset/recorded_data/EIGHT/EIGHT_22.mp4,EIGHT,0,017947a0e8315317ee4a1e995bcfd9df9c8b8a058b81ce0a5549c039857bf197,PASS,development,2,sha-0001-017947a0e831
bb831c112f994392,Transactional Filipino Sign Language Dataset/Transactional Filipino Sign Language Dataset/recorded_data/EIGHT/EIGHT_23.mp4,EIGHT,0,03c2b837a12b668de6c84690ca9714db5cd82b6d46916b60a944dc6c87b62f7d,PASS,sealed_test,,sha-0007-03c2b837a12b
e4053675bdfa3c0a,Transactional Filipino Sign Language Dataset/Transactional Filipino Sign Language Dataset/recorded_data/EIGHT/EIGHT_24.mp4,EIGHT,0,2167e4b3a225da07e8fa051b8986c6606edeaaf767df1f9a4041d2409ce21f42,PASS,development,3,sha-0041-2167e4b3a225
69be0c2225b014fe,Transactional Filipino Sign Language Dataset/Transactional Filipino Sign Language Dataset/recorded_data/EIGHT/EIGHT_25.mp4,EIGHT,0,c05a26ce779afba819dce338a9b21847584d31b8dbee79b33396eb380bf89aed,PASS,development,3,sha-0274-c05a26ce779a
013dbd9b576e208b,Transactional Filipino Sign Language Dataset/Transactional Filipino Sign Language Dataset/recorded_data/EIGHT/EIGHT_26.mp4,EIGHT,0,fae0607125c61d50320e509c16a4c41f5fa78ec9d50f1da4e35da3330df26a77,PASS,development,0,sha-0361-fae0607125c6
4bdd75788fe50e0e,Transactional Filipino Sign Language Dataset/Transactional Filipino Sign Language Dataset/recorded_data/EIGHT/EIGHT_29.mp4,EIGHT,0,5e431b5a2e344487891991cff1518c4593241416481e33738ef745e91ffd753c,PASS,sealed_test,,sha-0132-5e431b5a2e34
af90ac64f3e744df,Transactional Filipino Sign Language Dataset/Transactional Filipino Sign Language Dataset/recorded_data/EIGHT/EIGHT_3.mp4,EIGHT,0,b43e7a400e3c23e099c05d83ab42a1574e377464d2f2aaf70a7fa219074a8bd0,PASS,development,0,sha-0254-b43e7a400e3c
21e30e18a81c617b,Transactional Filipino Sign Language Dataset/Transactional Filipino Sign Language Dataset/recorded_data/EIGHT/EIGHT_30.mp4,EIGHT,0,92401a443c34c48d27f120b376f8b4763c2e272a74382ab71c08aba24147ed0c,PASS,development,1,sha-0198-92401a443c34
862fabc106943b27,Transactional Filipino Sign Language Dataset/Transactional Filipino Sign Language Dataset/recorded_data/EIGHT/EIGHT_33.mp4,EIGHT,0,db0252e45173d798a0a9defe749d682fa1a20494a678b1197fb02fbd7859a35c,PASS,development,2,sha-0315-db0252e45173
72a812c97a6bfd8f,Transactional Filipino Sign Language Dataset/Transactional Filipino Sign Language Dataset/recorded_data/EIGHT/EIGHT_34.mp4,EIGHT,0,be9d28be3d3f1e142df4f0198b8a5d979737d5e670c928c2a276cc6d5cd91485,PASS,sealed_test,,sha-0271-be9d28be3d3f
a1b6b05d6baa0cf3,Transactional Filipino Sign Language Dataset/Transactional Filipino Sign Language Dataset/recorded_data/EIGHT/EIGHT_35.mp4,EIGHT,0,225d299eddc9827e1277e0c6ba4b8b004adc9e4897a9385d90d2cc505b357219,PASS,development,0,sha-0042-225d299eddc9
d587604c25056baf,Transactional Filipino Sign Language Dataset/Transactional Filipino Sign Language Dataset/recorded_data/EIGHT/EIGHT_36.mp4,EIGHT,0,d94580ca7c9021c8e00b7029ba61937c1d36b62d3c4bfada4f873d76cd55d378,PASS,development,2,sha-0311-d94580ca7c90
3a36edfa3ed5133d,Transactional Filipino Sign Language Dataset/Transactional Filipino Sign Language Dataset/recorded_data/EIGHT/EIGHT_37.mp4,EIGHT,0,40060576fa39d9c8c7bb7d1c0367fda4532cfb69851a3526e2d3c1a04260332d,PASS,development,0,sha-0097-40060576fa39
b2106ba91a9082fb,Transactional Filipino Sign Language Dataset/Transactional Filipino Sign Language Dataset/recorded_data/EIGHT/EIGHT_38.mp4,EIGHT,0,f065db4d0d2213d56fbbfb488d65f6d9ad3ddd16223769c3eb13d7847445c2e4,PASS,development,3,sha-0344-f065db4d0d22
6bcb1607a170403f,Transactional Filipino Sign Language Dataset/Transactional Filipino Sign Language Dataset/recorded_data/EIGHT/EIGHT_39.mp4,EIGHT,0,017dbc9dccb7300ff304776741d874d23e84878b56d1c7689c48a59a1c6f8525,PASS,development,1,sha-0002-017dbc9dccb7
c3a1a2297a1da8dd,Transactional Filipino Sign Language Dataset/Transactional Filipino Sign Language Dataset/recorded_data/EIGHT/EIGHT_40.mp4,EIGHT,0,8d25fce64f71af5a4a0ce7384e3162cef99c9241e7b2f60bdc665ac66a68b23c,PASS,development,2,sha-0186-8d25fce64f71
972cf3041baace11,Transactional Filipino Sign Language Dataset/Transactional Filipino Sign Language Dataset/recorded_data/EIGHT/EIGHT_41.mp4,EIGHT,0,bb419e6530e0c2120d879c935e368732aaa89a2bd6fa32363f45404577329a6e,PASS,development,2,sha-0268-bb419e6530e0
08653271712d1ed9,Transactional Filipino Sign Language Dataset/Transactional Filipino Sign Language Dataset/recorded_data/EIGHT/EIGHT_42.mp4,EIGHT,0,492331baca12c319eb0f09ed116d68099244abd061e61677872f6f190473985f,PASS,sealed_test,,sha-0106-492331baca12
b8139f4ef5f917c1,Transactional Filipino Sign Language Dataset/Transactional Filipino Sign Language Dataset/recorded_data/EIGHT/EIGHT_43.mp4,EIGHT,0,ea6e9a96bdee1ec9027735bafc814c62eb50d15fff16fbe845e360487a2c8fe9,PASS,development,1,sha-0338-ea6e9a96bdee
ea6f584f81c9a2a9,Transactional Filipino Sign Language Dataset/Transactional Filipino Sign Language Dataset/recorded_data/EIGHT/EIGHT_44.mp4,EIGHT,0,8038217a64f2ab39da01f5befc023da7b072f2039c3a5b0f6e33f1b1944915ae,PASS,development,2,sha-0174-8038217a64f2
fa9e1f1008a8168e,Transactional Filipino Sign Language Dataset/Transactional Filipino Sign Language Dataset/recorded_data/EIGHT/EIGHT_5.mp4,EIGHT,0,6f1f1fcb63bd09a53e40225ea02119e39899598d95d74a1684107ce875bbd307,PASS,development,0,sha-0153-6f1f1fcb63bd
00f938f5d5c1dfad,Transactional Filipino Sign Language Dataset/Transactional Filipino Sign Language Dataset/recorded_data/EIGHT/EIGHT_6.mp4,EIGHT,0,2739daf459924f87135eacec991580c3eaf8065481e19928296b007e045edd21,PASS,development,1,sha-0054-2739daf45992
eae6402ee17dffdd,Transactional Filipino Sign Language Dataset/Transactional Filipino Sign Language Dataset/recorded_data/EIGHT/EIGHT_7.mp4,EIGHT,0,e4750a00e12e0ccda217e19e3e5ddc0e84456e3313ce11cd34256553a10d868d,PASS,development,3,sha-0327-e4750a00e12e
c6db494b9fa41d24,Transactional Filipino Sign Language Dataset/Transactional Filipino Sign Language Dataset/recorded_data/EIGHT/EIGHT_8.mp4,EIGHT,0,ce17ed18f302f741ad71c8c47b23edfefdd37ecb403fba149240bb77755f753a,PASS,development,2,sha-0294-ce17ed18f302
6328993a2657cf89,Transactional Filipino Sign Language Dataset/Transactional Filipino Sign Language Dataset/recorded_data/EIGHT/EIGHT_9.mp4,EIGHT,0,a287aa8c6f7227fa825ae754be13a118c8991252d831a156fe02168404d6575d,PASS,development,0,sha-0224-a287aa8c6f72
06d9b31c2ef3f3ae,Transactional Filipino Sign Language Dataset/Transactional Filipino Sign Language Dataset/recorded_data/FIVE/FIVE_10.mp4,FIVE,1,0ccb7754ee5f158ae8683d1f50e7fd14140d4014e26617a9756f2f7115c9d4d5,PASS,development,2,sha-0018-0ccb7754ee5f
17269993d27fe424,Transactional Filipino Sign Language Dataset/Transactional Filipino Sign Language Dataset/recorded_data/FIVE/FIVE_11.mp4,FIVE,1,53bdbe81ed935a6219ff2a4f1f9697428865fc7c88c83b8e98ad9ab39ec5b054,PASS,development,3,sha-0122-53bdbe81ed93
0b942a461f16625d,Transactional Filipino Sign Language Dataset/Transactional Filipino Sign Language Dataset/recorded_data/FIVE/FIVE_12.mp4,FIVE,1,8fb4afbb5a769176524fb9b7e06c6abd0dd2e01722de4be428923e7751c9cbb4,PASS,development,0,sha-0193-8fb4afbb5a76
566ef58a01e0e5b1,Transactional Filipino Sign Language Dataset/Transactional Filipino Sign Language Dataset/recorded_data/FIVE/FIVE_14.mp4,FIVE,1,2f89efb56f76836e7fe59c9128eb8519e9392ffd54f2c0f8d1a24cdb9cf79688,PASS,development,1,sha-0070-2f89efb56f76
b9fbd79764cc160b,Transactional Filipino Sign Language Dataset/Transactional Filipino Sign Language Dataset/recorded_data/FIVE/FIVE_15.mp4,FIVE,1,16b88fd3c7dc4fd5a02c7815c06059471f8a6f0bff052255cf84c74a5979fa6e,PASS,development,0,sha-0028-16b88fd3c7dc
4084c736943b3df9,Transactional Filipino Sign Language Dataset/Transactional Filipino Sign Language Dataset/recorded_data/FIVE/FIVE_19.mp4,FIVE,1,ab4ebfc36dc35ab3ee480f67cffe8b6504512c60b3dc357de9de8ce060a1d82f,PASS,development,1,sha-0240-ab4ebfc36dc3
168243f76448d15c,Transactional Filipino Sign Language Dataset/Transactional Filipino Sign Language Dataset/recorded_data/FIVE/FIVE_20.mp4,FIVE,1,4bb50390eeeabe2a3cc1baf8446c7193ad53bb1258389f6b2211fec17578d5bd,PASS,development,2,sha-0113-4bb50390eeea
b946cd7aa8b10e7b,Transactional Filipino Sign Language Dataset/Transactional Filipino Sign Language Dataset/recorded_data/FIVE/FIVE_21.mp4,FIVE,1,7a7506e63dc7a7f605751e4e3cdae3c8fd1a2755568fa953c2913f284601dd21,PASS,development,2,sha-0165-7a7506e63dc7
f274e3031daafb78,Transactional Filipino Sign Language Dataset/Transactional Filipino Sign Language Dataset/recorded_data/FIVE/FIVE_22.mp4,FIVE,1,1dcd48d359693290c8cc6fa6092b1cf953a629bacba9cf8eef6634c26064f33c,PASS,development,0,sha-0033-1dcd48d35969
ec0a6d25c0bac042,Transactional Filipino Sign Language Dataset/Transactional Filipino Sign Language Dataset/recorded_data/FIVE/FIVE_23.mp4,FIVE,1,a739d5ee79950741e6df0c3ecd5ec23d81f63e679cc26e33da933367fddd2d40,PASS,development,1,sha-0235-a739d5ee7995
8cf6b38136fd39fa,Transactional Filipino Sign Language Dataset/Transactional Filipino Sign Language Dataset/recorded_data/FIVE/FIVE_24.mp4,FIVE,1,9ddf2e8c70ecfadf2ddecd7e4c4596a2579f50a36c1ee3b6af62644a0db15660,PASS,development,1,sha-0218-9ddf2e8c70ec
69f9b1f7005f0eb0,Transactional Filipino Sign Language Dataset/Transactional Filipino Sign Language Dataset/recorded_data/FIVE/FIVE_25.mp4,FIVE,1,1570e442515148117c71e9cfb0559695be548e4a30a731fdab374ca75347b9ce,PASS,development,3,sha-0027-1570e4425151
22a5048d05d0dfcc,Transactional Filipino Sign Language Dataset/Transactional Filipino Sign Language Dataset/recorded_data/FIVE/FIVE_26.mp4,FIVE,1,a3a9e133833d19193d7804b04c06f3cb5424fb463ef4151ea56ef445e4bb4665,PASS,development,0,sha-0228-a3a9e133833d
6f5d4a3c560c0c91,Transactional Filipino Sign Language Dataset/Transactional Filipino Sign Language Dataset/recorded_data/FIVE/FIVE_28.mp4,FIVE,1,25af5373cf9729c4d1a078859c61388e67e2393a28bc2e89e5f5ab0a522c6fb9,PASS,development,2,sha-0051-25af5373cf97
300ba7c7019416af,Transactional Filipino Sign Language Dataset/Transactional Filipino Sign Language Dataset/recorded_data/FIVE/FIVE_29.mp4,FIVE,1,ad04ec0bb244f22a3d4027fb26bdf9f263a6eb106bb2fdeceb2e80f51e0b9229,PASS,development,3,sha-0245-ad04ec0bb244
7a13ca362848c67a,Transactional Filipino Sign Language Dataset/Transactional Filipino Sign Language Dataset/recorded_data/FIVE/FIVE_30.mp4,FIVE,1,69b11d7ee701902243689afe00e083327aeaf1b3813e7c31e9f5c537f52e4073,PASS,development,0,sha-0146-69b11d7ee701
ebef7958da6c4c4a,Transactional Filipino Sign Language Dataset/Transactional Filipino Sign Language Dataset/recorded_data/FIVE/FIVE_31.mp4,FIVE,1,ba98f042bef1a9f84a02c3fd7a04838cde83bec06fdfe35f8a8fadc717c61cdd,PASS,sealed_test,,sha-0267-ba98f042bef1
22a01f03f774477d,Transactional Filipino Sign Language Dataset/Transactional Filipino Sign Language Dataset/recorded_data/FIVE/FIVE_33.mp4,FIVE,1,032c7037cec555b859c2657c5a8b2dcd1449d109aa960adfb7fdc1f501f14730,PASS,development,3,sha-0006-032c7037cec5
5bd9b7e6d26c33f7,Transactional Filipino Sign Language Dataset/Transactional Filipino Sign Language Dataset/recorded_data/FIVE/FIVE_34.mp4,FIVE,1,29b2c8dc6327c0205754409577111c252abeea4eaf8f96e4821ab1f8c35216a1,PASS,sealed_test,,sha-0061-29b2c8dc6327
5a7e13286f58855e,Transactional Filipino Sign Language Dataset/Transactional Filipino Sign Language Dataset/recorded_data/FIVE/FIVE_35.mp4,FIVE,1,4c3c9516d8dced08ce479a78171bce4fc3f61ead95a531a1163f3f394241cd62,PASS,development,3,sha-0114-4c3c9516d8dc
3e28305e15ed0dd5,Transactional Filipino Sign Language Dataset/Transactional Filipino Sign Language Dataset/recorded_data/FIVE/FIVE_38.mp4,FIVE,1,cbe068f49e32d3e77ff2eca4c9fbf609a78f8e94ed185bce1045c404ae2c599b,PASS,sealed_test,,sha-0291-cbe068f49e32
15919d7f51a81feb,Transactional Filipino Sign Language Dataset/Transactional Filipino Sign Language Dataset/recorded_data/FIVE/FIVE_39.mp4,FIVE,1,753b0018d9a78f7c337bb8092673dc34014fa8de6a36cf6cfe4fa0d1212fe52a,PASS,development,2,sha-0159-753b0018d9a7
9a29e011374e624e,Transactional Filipino Sign Language Dataset/Transactional Filipino Sign Language Dataset/recorded_data/FIVE/FIVE_40.mp4,FIVE,1,de9fbc677ea97d31b8610c761a0cd02d4c150c08d4715606606e8850ebd21450,PASS,development,1,sha-0319-de9fbc677ea9
edeac188273396ef,Transactional Filipino Sign Language Dataset/Transactional Filipino Sign Language Dataset/recorded_data/FIVE/FIVE_41.mp4,FIVE,1,0f4c115057b700dc5db86badb6fcaf9de8b73fcd3820dcab53fde7257af3e7b1,PASS,development,2,sha-0022-0f4c115057b7
1e50f34ad4184317,Transactional Filipino Sign Language Dataset/Transactional Filipino Sign Language Dataset/recorded_data/FIVE/FIVE_42.mp4,FIVE,1,389d3723d4583be67340bc6f9a655150f48a60728e2fd6af3632c7da5a88bd41,PASS,development,0,sha-0082-389d3723d458
cf501fd8f4c8a83a,Transactional Filipino Sign Language Dataset/Transactional Filipino Sign Language Dataset/recorded_data/FIVE/FIVE_43.mp4,FIVE,1,b56bed40974318802e7c29bf379fd813747c1eb976b6d6d974e54a69d661acc6,PASS,development,0,sha-0255-b56bed409743
f9d68526f670d98c,Transactional Filipino Sign Language Dataset/Transactional Filipino Sign Language Dataset/recorded_data/FIVE/FIVE_44.mp4,FIVE,1,faa3303e26754081d62a1b3ed6ea6684780b31745d4bce23a0f3734c9c0ee507,PASS,development,1,sha-0359-faa3303e2675
2a3dd760f86e9734,Transactional Filipino Sign Language Dataset/Transactional Filipino Sign Language Dataset/recorded_data/FIVE/FIVE_5.mp4,FIVE,1,63d27222b2a013c2e3622ae02907a667bdd2a5512b2ff75545e6e8f8913150a2,PASS,development,3,sha-0142-63d27222b2a0
f811eac91ea4c05a,Transactional Filipino Sign Language Dataset/Transactional Filipino Sign Language Dataset/recorded_data/FIVE/FIVE_6.mp4,FIVE,1,c844ed76fcb7c52890c55f24ec0db2088fba27031f339e6407877bf639e61986,PASS,sealed_test,,sha-0285-c844ed76fcb7
48ec210bf0edf354,Transactional Filipino Sign Language Dataset/Transactional Filipino Sign Language Dataset/recorded_data/FIVE/FIVE_7.mp4,FIVE,1,d793a4324c03ab8900072b5211875946a1a52fdf59bc487de5177436748d43ed,PASS,development,2,sha-0307-d793a4324c03
ff4fe8be082d0ce3,Transactional Filipino Sign Language Dataset/Transactional Filipino Sign Language Dataset/recorded_data/FIVE/FIVE_8.mp4,FIVE,1,2cf25bdbf06f7b10e830494ea7c80d5c64bf5d51a93c293951da88dff314b3f3,PASS,sealed_test,,sha-0068-2cf25bdbf06f
1b9e7e7655726864,Transactional Filipino Sign Language Dataset/Transactional Filipino Sign Language Dataset/recorded_data/FIVE/FIVE_9.mp4,FIVE,1,6060528443f924753939e506df9153ebcf3e588e7803ba1e9aa4c0e2534fc38a,PASS,development,1,sha-0138-6060528443f9
746c6ca4abac15b6,Transactional Filipino Sign Language Dataset/Transactional Filipino Sign Language Dataset/recorded_data/FOUR/FOUR_10.mp4,FOUR,2,a34217ffb3b799245519cdeb619711894501e5e0ba4473d6bc5fa1caf3753639,PASS,development,2,sha-0226-a34217ffb3b7
fd72306e19539e8b,Transactional Filipino Sign Language Dataset/Transactional Filipino Sign Language Dataset/recorded_data/FOUR/FOUR_12.mp4,FOUR,2,a37b7aa035eb1323ca961b3852704916d461ef5996a3e6e3938d5cee3a314367,PASS,sealed_test,,sha-0227-a37b7aa035eb
b7baabc3773bb7f5,Transactional Filipino Sign Language Dataset/Transactional Filipino Sign Language Dataset/recorded_data/FOUR/FOUR_14.mp4,FOUR,2,5f795e8e5a635ced3b7712122280e7f101c955c45047a57413811347e02f62f6,PASS,development,3,sha-0135-5f795e8e5a63
ca9b65d50cf5bb60,Transactional Filipino Sign Language Dataset/Transactional Filipino Sign Language Dataset/recorded_data/FOUR/FOUR_18.mp4,FOUR,2,357364e5d600d56a849b49dc934161885510e823297dcca28ea549925781c1ee,PASS,development,1,sha-0079-357364e5d600
4905e2af47fbdcdc,Transactional Filipino Sign Language Dataset/Transactional Filipino Sign Language Dataset/recorded_data/FOUR/FOUR_19.mp4,FOUR,2,501c083f3221892d8979e25fdf6302554182810337b0ce1873b95f0bab802c20,PASS,sealed_test,,sha-0119-501c083f3221
fc6f59c73e9f8113,Transactional Filipino Sign Language Dataset/Transactional Filipino Sign Language Dataset/recorded_data/FOUR/FOUR_20.mp4,FOUR,2,5f1328326334bc638695ee5d909a5d69a664365d68aee29277b1ac15d9d38161,PASS,development,2,sha-0134-5f1328326334
5eb9cf5bef4d159c,Transactional Filipino Sign Language Dataset/Transactional Filipino Sign Language Dataset/recorded_data/FOUR/FOUR_21.mp4,FOUR,2,93c9c6a793cfb5d41ad8ff965166801141cd8c0a91252d1999e85055eb7c01bc,PASS,development,2,sha-0201-93c9c6a793cf
9788f6851bdbffbb,Transactional Filipino Sign Language Dataset/Transactional Filipino Sign Language Dataset/recorded_data/FOUR/FOUR_22.mp4,FOUR,2,955f2e08c0880a466def029f25e75e1f2696a2caf81481ebeb8e6b689b395cd8,PASS,development,0,sha-0204-955f2e08c088
c0c9fd460ce363f0,Transactional Filipino Sign Language Dataset/Transactional Filipino Sign Language Dataset/recorded_data/FOUR/FOUR_23.mp4,FOUR,2,390e2e01ca152e0f5968a19d568ed928b837114e7ff78001d028e1172dae7c51,PASS,development,2,sha-0083-390e2e01ca15
9e0bae039942a79a,Transactional Filipino Sign Language Dataset/Transactional Filipino Sign Language Dataset/recorded_data/FOUR/FOUR_24.mp4,FOUR,2,2ca5907be68b176979a279ca859bf73f4b59cd2de11578c019f7c4a18a80861f,PASS,development,1,sha-0067-2ca5907be68b
9b27f70973ae26ea,Transactional Filipino Sign Language Dataset/Transactional Filipino Sign Language Dataset/recorded_data/FOUR/FOUR_25.mp4,FOUR,2,643f007be2f4287266377563a33000ed3e416b8a845785438496e22ec380569d,PASS,development,3,sha-0143-643f007be2f4
c2bbcd3be5ad5580,Transactional Filipino Sign Language Dataset/Transactional Filipino Sign Language Dataset/recorded_data/FOUR/FOUR_31.mp4,FOUR,2,23f0b88d1f83fac7b3f47f834a142d68d215635726910a9177ee243757960c04,PASS,development,0,sha-0046-23f0b88d1f83
9f652edeb04425ed,Transactional Filipino Sign Language Dataset/Transactional Filipino Sign Language Dataset/recorded_data/FOUR/FOUR_33.mp4,FOUR,2,5b8bb1cdcb91c4dc0f1dd37abbeb4074e0a5c3833b082ea69c14d02c8adb9634,PASS,development,1,sha-0130-5b8bb1cdcb91
23fd5b520ad34a08,Transactional Filipino Sign Language Dataset/Transactional Filipino Sign Language Dataset/recorded_data/FOUR/FOUR_34.mp4,FOUR,2,23cdc69148a57b4e302bdeef1968901f4bac8e381e709822fb901b47c88d78fb,PASS,sealed_test,,sha-0045-23cdc69148a5
06c2d693664dd0b6,Transactional Filipino Sign Language Dataset/Transactional Filipino Sign Language Dataset/recorded_data/FOUR/FOUR_35.mp4,FOUR,2,3cd71d4577839a88e06531fefe7a964b50568f90abbe53439429ffeb13e2b65b,PASS,development,1,sha-0093-3cd71d457783
117231c7c66975c6,Transactional Filipino Sign Language Dataset/Transactional Filipino Sign Language Dataset/recorded_data/FOUR/FOUR_37.mp4,FOUR,2,3fd8712b0145785e2b2ec6f30041051e8d8c727e96aa183d5eb095f61c00e4cd,PASS,sealed_test,,sha-0096-3fd8712b0145
9c8273455ae08b23,Transactional Filipino Sign Language Dataset/Transactional Filipino Sign Language Dataset/recorded_data/FOUR/FOUR_4.mp4,FOUR,2,c91157326d57b26099891a9accc1c95b52e5261ebe109546295f9c8a2a3f3a14,PASS,development,0,sha-0286-c91157326d57
b2142536d8dea529,Transactional Filipino Sign Language Dataset/Transactional Filipino Sign Language Dataset/recorded_data/FOUR/FOUR_40.mp4,FOUR,2,a111ef69f58ebc367a96ecb22919e53db4dca8c733d013be3412cc38d3e9d64a,PASS,development,1,sha-0222-a111ef69f58e
fc8a6163ace42b24,Transactional Filipino Sign Language Dataset/Transactional Filipino Sign Language Dataset/recorded_data/FOUR/FOUR_41.mp4,FOUR,2,149f86fe6988bc84986f5a89430bda877900f889671f704dcb1dee2235deef91,PASS,development,0,sha-0026-149f86fe6988
d330cf837abd5fd5,Transactional Filipino Sign Language Dataset/Transactional Filipino Sign Language Dataset/recorded_data/FOUR/FOUR_42.mp4,FOUR,2,5ff9d98089615578a196b6220e642171e2468fc2fc35aef267216a719e7984b6,PASS,development,2,sha-0137-5ff9d9808961
44525a17eed67fb1,Transactional Filipino Sign Language Dataset/Transactional Filipino Sign Language Dataset/recorded_data/FOUR/FOUR_43.mp4,FOUR,2,5f81dd4bfd7563a72b38fe370ca818c8fd515f41f3449693e4d33048d04f3388,PASS,development,3,sha-0136-5f81dd4bfd75
8ffac6d84cc475a4,Transactional Filipino Sign Language Dataset/Transactional Filipino Sign Language Dataset/recorded_data/FOUR/FOUR_44.mp4,FOUR,2,f2b83d5270d9a6081b2f02c57010cfb0eaa8f82485b5286efb2ffffcb820c07c,PASS,development,3,sha-0348-f2b83d5270d9
7dbdca4ea9135658,Transactional Filipino Sign Language Dataset/Transactional Filipino Sign Language Dataset/recorded_data/FOUR/FOUR_5.mp4,FOUR,2,97d1dd92d8ef05698d9f47a8347c9f0b6fa65e3ecd927ea6bb07ee7598215ccd,PASS,development,0,sha-0209-97d1dd92d8ef
03dcdd746c916cf0,Transactional Filipino Sign Language Dataset/Transactional Filipino Sign Language Dataset/recorded_data/FOUR/FOUR_6.mp4,FOUR,2,41b66c7d58e2182c7ca8146fdc2e87962d08815c0875a68473f807a5a61527bf,PASS,development,3,sha-0099-41b66c7d58e2
da0d3de0901d47fe,Transactional Filipino Sign Language Dataset/Transactional Filipino Sign Language Dataset/recorded_data/FOUR/FOUR_7.mp4,FOUR,2,a9037c6db9e585e09872f84ace8e23342bf997ec9df26a4a2235b1bbbc475709,PASS,development,2,sha-0236-a9037c6db9e5
839bfc51b03ea39e,Transactional Filipino Sign Language Dataset/Transactional Filipino Sign Language Dataset/recorded_data/FOUR/FOUR_8.mp4,FOUR,2,3a9ef9fb96f7a558142a88f343171b4abd49ee55bf4e801dc5755a9b2a895171,PASS,development,0,sha-0087-3a9ef9fb96f7
26ea0639360da25a,Transactional Filipino Sign Language Dataset/Transactional Filipino Sign Language Dataset/recorded_data/FOUR/FOUR_9.mp4,FOUR,2,9dcf619c2d15c36ff9d6996d63aa90535ddd9233242b0ffe49ae39d28fdf6f6e,PASS,development,1,sha-0217-9dcf619c2d15
8cccecb0392957ec,Transactional Filipino Sign Language Dataset/Transactional Filipino Sign Language Dataset/recorded_data/HELLO/HELLO_11.mp4,HELLO,3,a4929da6de83c918f9771c0f584333054e0246473b85adf600a641a373a8a8f1,PASS,development,3,sha-0230-a4929da6de83
ecf9c0bae346ffec,Transactional Filipino Sign Language Dataset/Transactional Filipino Sign Language Dataset/recorded_data/HELLO/HELLO_15.mp4,HELLO,3,09ff25d3b3a0b605afa4756b6abfd57eb423947ad9f8e3d18cb4fbbec6550f2e,PASS,development,3,sha-0012-09ff25d3b3a0
27fbd9fafbbe1785,Transactional Filipino Sign Language Dataset/Transactional Filipino Sign Language Dataset/recorded_data/HELLO/HELLO_16.mp4,HELLO,3,eb8d24319761dc0a3834fbb9a8c6640c54de6658057438c0cd1f98376763df65,PASS,sealed_test,,sha-0340-eb8d24319761
d6a2c561c7524f61,Transactional Filipino Sign Language Dataset/Transactional Filipino Sign Language Dataset/recorded_data/HELLO/HELLO_17.mp4,HELLO,3,8a9935477905e33ccd65c759553ac329c97956e03974d30bf50037d0334865b2,PASS,development,1,sha-0183-8a9935477905
9fb7ce796aacdce8,Transactional Filipino Sign Language Dataset/Transactional Filipino Sign Language Dataset/recorded_data/HELLO/HELLO_18.mp4,HELLO,3,2588791b8f0e6c5d6ff1504ccf495975a6c506071be102e5b320eaf5ee2d2822,PASS,sealed_test,,sha-0050-2588791b8f0e
9fe5d089948f2162,Transactional Filipino Sign Language Dataset/Transactional Filipino Sign Language Dataset/recorded_data/HELLO/HELLO_19.mp4,HELLO,3,01b497f86f60c809c088cbc630a2c0e698e37a2d75774064424e503f85ee8939,PASS,development,3,sha-0003-01b497f86f60
cb64c7cc335acaf8,Transactional Filipino Sign Language Dataset/Transactional Filipino Sign Language Dataset/recorded_data/HELLO/HELLO_21.mp4,HELLO,3,b33f8426b163d20ea508bab8493f998253c57261f7edcde6354fefa8c73ab202,PASS,development,1,sha-0253-b33f8426b163
10ce86236a40de14,Transactional Filipino Sign Language Dataset/Transactional Filipino Sign Language Dataset/recorded_data/HELLO/HELLO_23.mp4,HELLO,3,9c8f18344e1a90355611debc4976678ee9a9b07648540f9f83c7aef01c0e02f3,PASS,development,1,sha-0216-9c8f18344e1a
38cab487727fb23a,Transactional Filipino Sign Language Dataset/Transactional Filipino Sign Language Dataset/recorded_data/HELLO/HELLO_24.mp4,HELLO,3,890ec14e55a167f9343ca8a189ca44260a88178c180445aae30816f13f32c312,PASS,development,1,sha-0182-890ec14e55a1
7e6b8b2c9a0eb1cb,Transactional Filipino Sign Language Dataset/Transactional Filipino Sign Language Dataset/recorded_data/HELLO/HELLO_26.mp4,HELLO,3,906eb10e4336953f5326c24647c4814a1d1318d9199e0a1cfd1d7f2300f4419b,PASS,development,0,sha-0194-906eb10e4336
e6ed227a776de510,Transactional Filipino Sign Language Dataset/Transactional Filipino Sign Language Dataset/recorded_data/HELLO/HELLO_28.mp4,HELLO,3,3650ba71c6a6fd87944ae7c9ac7037fecf71e7d47d4318a4aee8d64454003072,PASS,development,2,sha-0080-3650ba71c6a6
b7c6e9d86395af27,Transactional Filipino Sign Language Dataset/Transactional Filipino Sign Language Dataset/recorded_data/HELLO/HELLO_30.mp4,HELLO,3,cb3369d91dd9d4207f02f554bf45d9b5eb641330b1cdc82b7c19234936578eef,PASS,development,2,sha-0289-cb3369d91dd9
c63333e6aa6cc7b9,Transactional Filipino Sign Language Dataset/Transactional Filipino Sign Language Dataset/recorded_data/HELLO/HELLO_31.mp4,HELLO,3,1f9b8fc9d2930e403af0bbe7289a1523b03561e5ec08ec9890229b1d2e977739,PASS,development,0,sha-0039-1f9b8fc9d293
353d6b425c535fd3,Transactional Filipino Sign Language Dataset/Transactional Filipino Sign Language Dataset/recorded_data/HELLO/HELLO_36.mp4,HELLO,3,f2ba6d4f36d70ea9b18d8e32681446d33f70b5588e933593ef5a836b86d3cdf4,PASS,development,3,sha-0349-f2ba6d4f36d7
a31308a9d77e972d,Transactional Filipino Sign Language Dataset/Transactional Filipino Sign Language Dataset/recorded_data/HELLO/HELLO_38.mp4,HELLO,3,c5c58d7d7be79d5696edcec03d745772a38684c3e52fdc642359a67becf65ff4,PASS,development,2,sha-0281-c5c58d7d7be7
5bd07b798bffba22,Transactional Filipino Sign Language Dataset/Transactional Filipino Sign Language Dataset/recorded_data/HELLO/HELLO_40.mp4,HELLO,3,ea2ee38671dc8956d4a8073696bbd60b3b2ca5e0086bad08f7616522fdb6214f,PASS,development,0,sha-0337-ea2ee38671dc
d5c1e0bcb5afc977,Transactional Filipino Sign Language Dataset/Transactional Filipino Sign Language Dataset/recorded_data/HELLO/HELLO_42.mp4,HELLO,3,fead762e934117eb700131b53014adcafea655d7b3dd93ecd41134b84d24c679,PASS,development,0,sha-0365-fead762e9341
cac572c15e111810,Transactional Filipino Sign Language Dataset/Transactional Filipino Sign Language Dataset/recorded_data/HELLO/HELLO_44.mp4,HELLO,3,4a0651f173d68e2f20769c9ee7e13012a88402529213631bd6f1651d7a530a2c,PASS,sealed_test,,sha-0110-4a0651f173d6
699f83d5b7405011,Transactional Filipino Sign Language Dataset/Transactional Filipino Sign Language Dataset/recorded_data/HELLO/HELLO_48.mp4,HELLO,3,3175ac0231c14958cb6407e62effd47fe2bf1087d227c39ec68929e9ae02cb59,PASS,development,2,sha-0073-3175ac0231c1
9e3132f5fa17070e,Transactional Filipino Sign Language Dataset/Transactional Filipino Sign Language Dataset/recorded_data/NINE/NINE_10.mp4,NINE,4,e8ce91db0fc71f1102d487f9436e1017c31d162041df944889309e08ce0c0292,PASS,development,1,sha-0335-e8ce91db0fc7
e60dd652b090b60c,Transactional Filipino Sign Language Dataset/Transactional Filipino Sign Language Dataset/recorded_data/NINE/NINE_11.mp4,NINE,4,48b9ebde2b71f7e1b9dc8ea7d03bb1cbd38cfc233464c6bfdc8345ce7c0d4c88,PASS,development,2,sha-0104-48b9ebde2b71
63daf0b8b653c3c8,Transactional Filipino Sign Language Dataset/Transactional Filipino Sign Language Dataset/recorded_data/NINE/NINE_12.mp4,NINE,4,aa713618d64ecdc7bea3c39072ab9d3c2d87b09991c7b9c0a35c34e16363683a,PASS,sealed_test,,sha-0239-aa713618d64e
3af35d79bbe02ba8,Transactional Filipino Sign Language Dataset/Transactional Filipino Sign Language Dataset/recorded_data/NINE/NINE_14.mp4,NINE,4,12a0374d5c8490599f2fd24c04dc578810f59d762a5dd47906af0499dfe2aed5,PASS,sealed_test,,sha-0024-12a0374d5c84
06a4f95d8f97a215,Transactional Filipino Sign Language Dataset/Transactional Filipino Sign Language Dataset/recorded_data/NINE/NINE_15.mp4,NINE,4,f6b584ae31a373d756b09441a1cf3642b52dbdaf445cfca5ba7c9c003285de63,PASS,development,3,sha-0357-f6b584ae31a3
f1a1a9a5a3b58ad2,Transactional Filipino Sign Language Dataset/Transactional Filipino Sign Language Dataset/recorded_data/NINE/NINE_16.mp4,NINE,4,29f2ce9a9760206c7c5499d27173da6f8586aa645f651276e78b8a0f72022c3f,PASS,development,0,sha-0062-29f2ce9a9760
407fd6e866061220,Transactional Filipino Sign Language Dataset/Transactional Filipino Sign Language Dataset/recorded_data/NINE/NINE_19.mp4,NINE,4,d34894176a3ba88d9e8c3ea74ed6cc07d89c16ab55023d846ba02480bfa55067,PASS,development,0,sha-0302-d34894176a3b
d6f5e88fc95b8abe,Transactional Filipino Sign Language Dataset/Transactional Filipino Sign Language Dataset/recorded_data/NINE/NINE_2.mp4,NINE,4,ea957f48934772dc93a1339b51056d7ee1e64b092e3a373df4eaf3c295b45592,PASS,development,2,sha-0339-ea957f489347
7c035c8d7f51ade5,Transactional Filipino Sign Language Dataset/Transactional Filipino Sign Language Dataset/recorded_data/NINE/NINE_20.mp4,NINE,4,8d6de0febaed12df57bb96ca92a10c573c8f2548720d55393a6b4cec94d8dae2,PASS,development,1,sha-0187-8d6de0febaed
5bf748996fc9b5d0,Transactional Filipino Sign Language Dataset/Transactional Filipino Sign Language Dataset/recorded_data/NINE/NINE_21.mp4,NINE,4,e4cd0bbfa7b7afd07c3d827be8b926f476f34736db894dec735fc3909c9b3a70,PASS,development,0,sha-0328-e4cd0bbfa7b7
865ae43173d0fd95,Transactional Filipino Sign Language Dataset/Transactional Filipino Sign Language Dataset/recorded_data/NINE/NINE_22.mp4,NINE,4,d9c011876e158ee5f6963eb307e095c44a932e322f04892b82bd54eab3747b32,PASS,development,3,sha-0312-d9c011876e15
9968ad88e3f2bcbd,Transactional Filipino Sign Language Dataset/Transactional Filipino Sign Language Dataset/recorded_data/NINE/NINE_23.mp4,NINE,4,cd9a14c67caeab847016ef93be6571de05304e771e46bcaa4ef23e425ac107bb,PASS,development,2,sha-0293-cd9a14c67cae
896bcb7c5eb3a7aa,Transactional Filipino Sign Language Dataset/Transactional Filipino Sign Language Dataset/recorded_data/NINE/NINE_24.mp4,NINE,4,950f672e7bf3d6dff5106c18e277794f8b13effd8504aa04ad2496540ef764a1,PASS,development,1,sha-0203-950f672e7bf3
c70e1034122a26d6,Transactional Filipino Sign Language Dataset/Transactional Filipino Sign Language Dataset/recorded_data/NINE/NINE_25.mp4,NINE,4,c36ad10c9ddfa747899a275b26dcdc93fb912f2b0daaf0632a618ce6f7824ab8,PASS,development,3,sha-0277-c36ad10c9ddf
0ce368fe1bd37a78,Transactional Filipino Sign Language Dataset/Transactional Filipino Sign Language Dataset/recorded_data/NINE/NINE_3.mp4,NINE,4,f1e92607eaf625d5b8da80f08880e6be2bc53d8798e463965716c559595cae47,PASS,development,3,sha-0347-f1e92607eaf6
7d613d8a58af2787,Transactional Filipino Sign Language Dataset/Transactional Filipino Sign Language Dataset/recorded_data/NINE/NINE_31.mp4,NINE,4,a4cdbb9138f52e38706c4fd48e4aa9f30ec7b476c2332c11d54b985f65226db7,PASS,development,3,sha-0231-a4cdbb9138f5
0ccf71da7de7900d,Transactional Filipino Sign Language Dataset/Transactional Filipino Sign Language Dataset/recorded_data/NINE/NINE_33.mp4,NINE,4,6bec11e5970acc7b232f3dcd4e1087ad58ed28f07fab24082ff79c4a8d1fb5b1,PASS,development,0,sha-0149-6bec11e5970a
4dc6a77d8c675998,Transactional Filipino Sign Language Dataset/Transactional Filipino Sign Language Dataset/recorded_data/NINE/NINE_34.mp4,NINE,4,e4e64275595cebabb1c8660b1eca89ab4a4adbd6b9a7b075356e797087a2e352,PASS,development,0,sha-0329-e4e64275595c
aa01a1845b4d969c,Transactional Filipino Sign Language Dataset/Transactional Filipino Sign Language Dataset/recorded_data/NINE/NINE_35.mp4,NINE,4,7a1dcdd7178b64c509d3cd9507bb11008c868b62ef032b715d8a6d4d19bc5493,PASS,development,0,sha-0163-7a1dcdd7178b
6e7ffcf924523672,Transactional Filipino Sign Language Dataset/Transactional Filipino Sign Language Dataset/recorded_data/NINE/NINE_4.mp4,NINE,4,f390ecb54c9e1dcc5362535ddfa25e26939d61837b35e3b9aa426e98c07b3221,PASS,sealed_test,,sha-0352-f390ecb54c9e
fc358845a221907b,Transactional Filipino Sign Language Dataset/Transactional Filipino Sign Language Dataset/recorded_data/NINE/NINE_40.mp4,NINE,4,a6ca2709d3db65b517ec933cefa361b0b4aff161cab8744d717a35d0d1cda54a,PASS,development,1,sha-0234-a6ca2709d3db
1b101c0aa2e6536c,Transactional Filipino Sign Language Dataset/Transactional Filipino Sign Language Dataset/recorded_data/NINE/NINE_41.mp4,NINE,4,e20edce9c2fdaa6ad73afb96a6cb25bc34c20ee8d94e8e86d571350dad245d58,PASS,development,2,sha-0324-e20edce9c2fd
b7921a67fd534680,Transactional Filipino Sign Language Dataset/Transactional Filipino Sign Language Dataset/recorded_data/NINE/NINE_42.mp4,NINE,4,dd2ea49e5b132475c97efd606708e0e6bd7b5482358ca5396a84130b045f5db9,PASS,development,1,sha-0317-dd2ea49e5b13
0e905a5e852a06a9,Transactional Filipino Sign Language Dataset/Transactional Filipino Sign Language Dataset/recorded_data/NINE/NINE_43.mp4,NINE,4,ef17bb35b046f56a8cb9c0704c7af6cae9a25e650989f4e37868d0ebce3a1c9e,PASS,development,2,sha-0343-ef17bb35b046
6826b948abdea532,Transactional Filipino Sign Language Dataset/Transactional Filipino Sign Language Dataset/recorded_data/NINE/NINE_6.mp4,NINE,4,7bef3f43bb326f5bd7da429a43259097e0f5eb133624f2bc2f5ff633ef54e828,PASS,sealed_test,,sha-0169-7bef3f43bb32
0325b2788ed48a54,Transactional Filipino Sign Language Dataset/Transactional Filipino Sign Language Dataset/recorded_data/NINE/NINE_8.mp4,NINE,4,34d7e4fa9a9c86ad8796302d49ec9bd50f06a2a467927368560aa7fcdcbe74c6,PASS,development,1,sha-0078-34d7e4fa9a9c
d205140d225c5af4,Transactional Filipino Sign Language Dataset/Transactional Filipino Sign Language Dataset/recorded_data/NINE/NINE_9.mp4,NINE,4,2c30b8077b59b0f492c8832ffcb64b0248453a6e91e0c7ba0ff5bf70f85f75ca,PASS,development,2,sha-0066-2c30b8077b59
63d96ff068e98890,Transactional Filipino Sign Language Dataset/Transactional Filipino Sign Language Dataset/recorded_data/NO/NO_10.mp4,NO,5,1fa98004ec32da8d0c6d379bffc3b9b7bf22eb04849cfc238240bdcc22082171,PASS,development,0,sha-0040-1fa98004ec32
29792887cfe5c467,Transactional Filipino Sign Language Dataset/Transactional Filipino Sign Language Dataset/recorded_data/NO/NO_11.mp4,NO,5,42f06b3222827f5d967172a80b014cd37564da38f300299e0864cf2fb5391237,PASS,development,0,sha-0102-42f06b322282
a1cfd05017749ffa,Transactional Filipino Sign Language Dataset/Transactional Filipino Sign Language Dataset/recorded_data/NO/NO_12.mp4,NO,5,76a7d8de883d1c28d0a04960a7ed60e8b48ddc76b2ffed9c3ff3cecd1cf01255,PASS,development,3,sha-0160-76a7d8de883d
42ef29403348b921,Transactional Filipino Sign Language Dataset/Transactional Filipino Sign Language Dataset/recorded_data/NO/NO_13.mp4,NO,5,fe6b25128fd6de53469664eabbd2df338cc4c1a2760cce2726e7e6a19608506c,PASS,sealed_test,,sha-0364-fe6b25128fd6
51f6393d388f70d4,Transactional Filipino Sign Language Dataset/Transactional Filipino Sign Language Dataset/recorded_data/NO/NO_14.mp4,NO,5,aba2605d22f7589a401c9cf6407042394feb328f56c045484833727527184b08,PASS,development,2,sha-0242-aba2605d22f7
39f42283612dbbb7,Transactional Filipino Sign Language Dataset/Transactional Filipino Sign Language Dataset/recorded_data/NO/NO_16.mp4,NO,5,01e8b529bef72eab2cc6ecae9de2979cbc56b1014eb61586840d25a5932ca421,PASS,development,1,sha-0005-01e8b529bef7
ffbf03eac812f1a3,Transactional Filipino Sign Language Dataset/Transactional Filipino Sign Language Dataset/recorded_data/NO/NO_17.mp4,NO,5,b81e6db4e1f6f933e412b1bd59d2cb70437633b04b149dbeb7506dfcea92c004,PASS,sealed_test,,sha-0264-b81e6db4e1f6
8ad6f3225b656e3f,Transactional Filipino Sign Language Dataset/Transactional Filipino Sign Language Dataset/recorded_data/NO/NO_18.mp4,NO,5,d286713f261cf8b51ec1f3b3f374e88829db2e0edf06ca80b876b03855e76148,PASS,development,2,sha-0300-d286713f261c
0ec6d4e047b128be,Transactional Filipino Sign Language Dataset/Transactional Filipino Sign Language Dataset/recorded_data/NO/NO_19.mp4,NO,5,49866b692ba8fc6100220e138782bccbae4ceb7d85a1bf48c929bb31e0aae782,PASS,development,0,sha-0108-49866b692ba8
fc8eb9430507cfd8,Transactional Filipino Sign Language Dataset/Transactional Filipino Sign Language Dataset/recorded_data/NO/NO_20.mp4,NO,5,d7c3a754f02b4d0f1c5ffe55fc8ab6976be716d7f9072a3eb62cfda3166cc26f,PASS,development,2,sha-0308-d7c3a754f02b
cbf3d5fe664e7cc1,Transactional Filipino Sign Language Dataset/Transactional Filipino Sign Language Dataset/recorded_data/NO/NO_21.mp4,NO,5,3faf48b38c208f17235a04a11b7ec6908b24354cda4798ddb45910e75c284e06,PASS,development,1,sha-0095-3faf48b38c20
7cc742b037ecc126,Transactional Filipino Sign Language Dataset/Transactional Filipino Sign Language Dataset/recorded_data/NO/NO_22.mp4,NO,5,6a6d3bb21d5644b5de0ae8c04892af0f960b205b32c62cfc0bf0108c7040dc9b,PASS,sealed_test,,sha-0148-6a6d3bb21d56
91725194d5428bc0,Transactional Filipino Sign Language Dataset/Transactional Filipino Sign Language Dataset/recorded_data/NO/NO_23.mp4,NO,5,722ab4743f4f02d4ee4a7f119d872b8cdb05e51e015a35da40a86258a6e0ee9b,PASS,development,3,sha-0157-722ab4743f4f
7bfaef4974a35768,Transactional Filipino Sign Language Dataset/Transactional Filipino Sign Language Dataset/recorded_data/NO/NO_25.mp4,NO,5,c97fe74d7dd19bb9612e7b75f3be6f8b0126313a1904f94105fca7eed43e4b4c,PASS,development,2,sha-0287-c97fe74d7dd1
7df123df0c233253,Transactional Filipino Sign Language Dataset/Transactional Filipino Sign Language Dataset/recorded_data/NO/NO_27.mp4,NO,5,a54a7784a9fcdc7e77678feeb2bdc1876c1a130ae6a7a178f59eca39a7c10a8b,PASS,development,1,sha-0232-a54a7784a9fc
964f45aa856169b6,Transactional Filipino Sign Language Dataset/Transactional Filipino Sign Language Dataset/recorded_data/NO/NO_28.mp4,NO,5,0da3bc1d4816d54f5bb075ad6c9a414fd3e6175f8c41357c9c3dc218b1cb8854,PASS,development,3,sha-0021-0da3bc1d4816
3b69fd7a4736a8ca,Transactional Filipino Sign Language Dataset/Transactional Filipino Sign Language Dataset/recorded_data/NO/NO_29.mp4,NO,5,eea053e183ab93bdc2d85ed75efc4bb42c813aa7d8dad9f6d42f2f2ac9ec5733,PASS,development,2,sha-0342-eea053e183ab
bb38516d8852fe82,Transactional Filipino Sign Language Dataset/Transactional Filipino Sign Language Dataset/recorded_data/NO/NO_30.mp4,NO,5,54d8691e9a412172ae921b70317568a5bb743f6bd3273d7af969f86615b0180b,PASS,development,0,sha-0123-54d8691e9a41
ab2899666f863531,Transactional Filipino Sign Language Dataset/Transactional Filipino Sign Language Dataset/recorded_data/NO/NO_31.mp4,NO,5,fe079bcdefd3913ed41969d0d59480aaaa526c9cff47a0c92ea8121a69e2beb1,PASS,development,3,sha-0363-fe079bcdefd3
253a91cb664f1a19,Transactional Filipino Sign Language Dataset/Transactional Filipino Sign Language Dataset/recorded_data/NO/NO_32.mp4,NO,5,d885fd65c4b8893a148e59a9a7d90022fc7c0f809a64a9a531b353721e0c354e,PASS,development,3,sha-0310-d885fd65c4b8
776264169db35dab,Transactional Filipino Sign Language Dataset/Transactional Filipino Sign Language Dataset/recorded_data/NO/NO_33.mp4,NO,5,b6c7c2b6923cbf93eb9582871fddf6066995485f9732a4dcdebf3e56b1a697ab,PASS,development,0,sha-0262-b6c7c2b6923c
1e884b4b17e51174,Transactional Filipino Sign Language Dataset/Transactional Filipino Sign Language Dataset/recorded_data/NO/NO_34.mp4,NO,5,d7d9512f4485f00c7d903c410503690fe9a7ff533820e4083990514f65df0f36,PASS,development,2,sha-0309-d7d9512f4485
d575cfb435569b39,Transactional Filipino Sign Language Dataset/Transactional Filipino Sign Language Dataset/recorded_data/NO/NO_37.mp4,NO,5,7ed708f733fd85b462d324e181850c434636f2f29eba8e9ac536a7652c1e0c2f,PASS,development,1,sha-0172-7ed708f733fd
d7531b121e9abdad,Transactional Filipino Sign Language Dataset/Transactional Filipino Sign Language Dataset/recorded_data/NO/NO_38.mp4,NO,5,df4e46471abfb19272f774e23a5182a5e1460e5216a78feecf9d28c2998df241,PASS,sealed_test,,sha-0320-df4e46471abf
ca1a7f07ccf97019,Transactional Filipino Sign Language Dataset/Transactional Filipino Sign Language Dataset/recorded_data/NO/NO_39.mp4,NO,5,aed6b5c27eef6fe7f5601b5cd93437d4bfd84dc6750fa9949d5575cd4c4137dc,PASS,development,3,sha-0248-aed6b5c27eef
2c4c2be2f549784a,Transactional Filipino Sign Language Dataset/Transactional Filipino Sign Language Dataset/recorded_data/NO/NO_4.mp4,NO,5,8e1bf873512d6e2a7eb8883890296f97e85126dbd6da5236eb236a524b760270,PASS,development,3,sha-0188-8e1bf873512d
aca5f41e7f372cf4,Transactional Filipino Sign Language Dataset/Transactional Filipino Sign Language Dataset/recorded_data/NO/NO_40.mp4,NO,5,99df3ec9e74db6ae4fa3f550bbd4a8c9e434232c1143f1a269c0bc1e21873f02,PASS,sealed_test,,sha-0211-99df3ec9e74d
a216eccc294aa8b9,Transactional Filipino Sign Language Dataset/Transactional Filipino Sign Language Dataset/recorded_data/NO/NO_41.mp4,NO,5,3c1c2e34372d96a4a5454522643ecb278e391bb289c5b40824e94e29501c1116,PASS,development,2,sha-0092-3c1c2e34372d
f1cfac429c0da4d4,Transactional Filipino Sign Language Dataset/Transactional Filipino Sign Language Dataset/recorded_data/NO/NO_42.mp4,NO,5,9e8da1271b87136c6027f88baec3735faa0f39fbeef3934a60729875c112259c,PASS,development,1,sha-0219-9e8da1271b87
02b350a095a9c064,Transactional Filipino Sign Language Dataset/Transactional Filipino Sign Language Dataset/recorded_data/NO/NO_5.mp4,NO,5,e88785a7b9d1c6c38fe045fec0e925c21f1ef73505ee8eba282770d0444176c3,PASS,development,0,sha-0333-e88785a7b9d1
ae14d04186487231,Transactional Filipino Sign Language Dataset/Transactional Filipino Sign Language Dataset/recorded_data/NO/NO_7.mp4,NO,5,4974f5438cd3d1da1c89ff11c7412c34d2dc27966e9fe6370c6801ca397e3cf6,PASS,development,1,sha-0107-4974f5438cd3
acdf548776f5c289,Transactional Filipino Sign Language Dataset/Transactional Filipino Sign Language Dataset/recorded_data/NO/NO_8.mp4,NO,5,dd1eb5ae4e0ca834b0ecfa54f8e8be77a5e3da88c652bc3cb34d7c7329b5975e,PASS,development,0,sha-0316-dd1eb5ae4e0c
7ebacb02e214d4de,Transactional Filipino Sign Language Dataset/Transactional Filipino Sign Language Dataset/recorded_data/NO/NO_9.mp4,NO,5,7b83c6cb896b68307050c86962bb991388f0740bd899dd1cc697fafd33805830,PASS,development,1,sha-0168-7b83c6cb896b
6e132bff3211cf5d,Transactional Filipino Sign Language Dataset/Transactional Filipino Sign Language Dataset/recorded_data/ONE/ONE_11.mp4,ONE,6,aa2b8249d8b171abf4d418235f30409af073c88f8b0a96088150dd490cedcebe,PASS,development,0,sha-0238-aa2b8249d8b1
b63269e5acc3426a,Transactional Filipino Sign Language Dataset/Transactional Filipino Sign Language Dataset/recorded_data/ONE/ONE_12.mp4,ONE,6,64e95bcabb69337ed71e8781407bdb3074372d2bb3be6119f1efd7de6e4cab58,PASS,sealed_test,,sha-0144-64e95bcabb69
eccc2a9b617e0972,Transactional Filipino Sign Language Dataset/Transactional Filipino Sign Language Dataset/recorded_data/ONE/ONE_13.mp4,ONE,6,4b7cae66cbd76cd953a664d869bcce36e34d36fd2603571b70556da70691d7de,PASS,development,2,sha-0112-4b7cae66cbd7
70f080a2d14f3717,Transactional Filipino Sign Language Dataset/Transactional Filipino Sign Language Dataset/recorded_data/ONE/ONE_17.mp4,ONE,6,833d76e56612d24a56029d552809b9f0207c0283ef94fb74f50ca97ac75dbd78,PASS,development,1,sha-0176-833d76e56612
34a0636526aef432,Transactional Filipino Sign Language Dataset/Transactional Filipino Sign Language Dataset/recorded_data/ONE/ONE_19.mp4,ONE,6,139f010ec79d17d3423c3599bcf3a2aa2dc3c1e9f74fe9e02cb4a6275a53c743,PASS,sealed_test,,sha-0025-139f010ec79d
7c052c1e3585db31,Transactional Filipino Sign Language Dataset/Transactional Filipino Sign Language Dataset/recorded_data/ONE/ONE_20.mp4,ONE,6,27d5b9b7ef2cbd362b6db52db8f0f3b2d9f188572e317fc8cc2586396fdce1d6,PASS,development,3,sha-0056-27d5b9b7ef2c
cf17a547c9dc29e7,Transactional Filipino Sign Language Dataset/Transactional Filipino Sign Language Dataset/recorded_data/ONE/ONE_21.mp4,ONE,6,ae378c7d3a35b53443874dcfa7de50a7ce766bebe3729b6c717b5bfe6f74ff31,PASS,development,1,sha-0247-ae378c7d3a35
d6599b50d08b8647,Transactional Filipino Sign Language Dataset/Transactional Filipino Sign Language Dataset/recorded_data/ONE/ONE_22.mp4,ONE,6,d1e4e7f1fe5f009b93f2c085d156ed43d87f9ba061b2200c7ed1cf49946d981e,PASS,sealed_test,,sha-0298-d1e4e7f1fe5f
2c68904f6b51ad32,Transactional Filipino Sign Language Dataset/Transactional Filipino Sign Language Dataset/recorded_data/ONE/ONE_23.mp4,ONE,6,a945b80a972bd4c4343e02bd62c08337717cf756894ac2983b9b31645730b073,PASS,development,1,sha-0237-a945b80a972b
537881ecd014ae07,Transactional Filipino Sign Language Dataset/Transactional Filipino Sign Language Dataset/recorded_data/ONE/ONE_24.mp4,ONE,6,8827784a340c3ef2f22cb939737334fe3288155ab1f8dea7940b028b2c17391d,PASS,development,2,sha-0178-8827784a340c
2dfb0dae98f83740,Transactional Filipino Sign Language Dataset/Transactional Filipino Sign Language Dataset/recorded_data/ONE/ONE_25.mp4,ONE,6,dfff1ec6e9b22fb9c4a9b51c1cb98771e3072bb333435a5e6953dd6a5e139929,PASS,development,2,sha-0321-dfff1ec6e9b2
f19bed1d62babdc7,Transactional Filipino Sign Language Dataset/Transactional Filipino Sign Language Dataset/recorded_data/ONE/ONE_27.mp4,ONE,6,1c40d58bea38b1f9469f6f30ca9e68d4b1349fcabfa10e4b029c8b5ebaf13c33,PASS,development,3,sha-0032-1c40d58bea38
61731990ef8718f9,Transactional Filipino Sign Language Dataset/Transactional Filipino Sign Language Dataset/recorded_data/ONE/ONE_33.mp4,ONE,6,6eb3406099d7dc5fde6455da076b902c0df959a6430b8f424927a2fd50e84033,PASS,development,0,sha-0152-6eb3406099d7
feae8a2521e37b04,Transactional Filipino Sign Language Dataset/Transactional Filipino Sign Language Dataset/recorded_data/ONE/ONE_34.mp4,ONE,6,52732b8e30d83154b879cc850392e54c86a93e4badddcd842ae0b0c1b92a1cd2,PASS,development,0,sha-0120-52732b8e30d8
091490bf20071027,Transactional Filipino Sign Language Dataset/Transactional Filipino Sign Language Dataset/recorded_data/ONE/ONE_35.mp4,ONE,6,7a454555040730c6617cc8195c68df9fef54ec2dc1dc5a4e730655dcbf31b783,PASS,development,2,sha-0164-7a4545550407
c18d1827b5e52f5c,Transactional Filipino Sign Language Dataset/Transactional Filipino Sign Language Dataset/recorded_data/ONE/ONE_39.mp4,ONE,6,d0fea5489b219babccad2c3ceee16767d2760aa576a0ddddddceb28456b13ebd,PASS,development,0,sha-0297-d0fea5489b21
b6502fd99b7550a9,Transactional Filipino Sign Language Dataset/Transactional Filipino Sign Language Dataset/recorded_data/ONE/ONE_40.mp4,ONE,6,7a0cb4b5bbc766592c58c23a0c3df90f61d4f9f46d008a1149766c7e4fb9ffe9,PASS,development,3,sha-0162-7a0cb4b5bbc7
0d241c511aea7038,Transactional Filipino Sign Language Dataset/Transactional Filipino Sign Language Dataset/recorded_data/ONE/ONE_41.mp4,ONE,6,b600a3dc068bf10f12cf87885fea865efc0ceda6302cee024ee5c06fae7a2ad6,PASS,development,3,sha-0258-b600a3dc068b
fe281b6c708a43cd,Transactional Filipino Sign Language Dataset/Transactional Filipino Sign Language Dataset/recorded_data/ONE/ONE_42.mp4,ONE,6,8e986dd01e2350514d89697a9e0823e08d5bf57617d00884f32899250ebf9230,PASS,development,1,sha-0190-8e986dd01e23
3591ba310f15cd82,Transactional Filipino Sign Language Dataset/Transactional Filipino Sign Language Dataset/recorded_data/ONE/ONE_7.mp4,ONE,6,3b9110e81fbacb4e99a4a8156644419387d9345e8fe6c5a3f144879598f6f1d1,PASS,development,1,sha-0091-3b9110e81fba
467d97c158a5de10,Transactional Filipino Sign Language Dataset/Transactional Filipino Sign Language Dataset/recorded_data/ONE/ONE_8.mp4,ONE,6,3172c26caae167315624f6fd7aba23de95fbda39a5bac9ef75cf2430c691f9de,PASS,development,0,sha-0072-3172c26caae1
f08b7bbbfc8aa93b,Transactional Filipino Sign Language Dataset/Transactional Filipino Sign Language Dataset/recorded_data/SEVEN/SEVEN_1.mp4,SEVEN,7,faac41b3f265f84fe55f02ce8949627310d9a3256a3efa77c5775e44b5e2dbd2,PASS,sealed_test,,sha-0360-faac41b3f265
21e0a05ecdb5622c,Transactional Filipino Sign Language Dataset/Transactional Filipino Sign Language Dataset/recorded_data/SEVEN/SEVEN_10.mp4,SEVEN,7,6cc5c15ac15f18ee5a352636a448f78072f8cf922db1b37af7a7eda29a21337b,PASS,sealed_test,,sha-0151-6cc5c15ac15f
a43aa456d49619a5,Transactional Filipino Sign Language Dataset/Transactional Filipino Sign Language Dataset/recorded_data/SEVEN/SEVEN_11.mp4,SEVEN,7,d52176dbc40ce7379993f6e70451ece1d902174d119d20e583ae4979c4a30adf,PASS,development,0,sha-0303-d52176dbc40c
a400b56d785ce97f,Transactional Filipino Sign Language Dataset/Transactional Filipino Sign Language Dataset/recorded_data/SEVEN/SEVEN_12.mp4,SEVEN,7,c612ece59a756aef59ca4701a60aaceeb50c487e568e724d7ac5a7d8df94bfea,PASS,sealed_test,,sha-0283-c612ece59a75
566c2cd429132c92,Transactional Filipino Sign Language Dataset/Transactional Filipino Sign Language Dataset/recorded_data/SEVEN/SEVEN_16.mp4,SEVEN,7,28869ccb9631d540aba29bd6128dcc0d9da1eadfcdbb880a4c3bd571e8676f14,PASS,development,0,sha-0057-28869ccb9631
16408f0e41241f9e,Transactional Filipino Sign Language Dataset/Transactional Filipino Sign Language Dataset/recorded_data/SEVEN/SEVEN_17.mp4,SEVEN,7,500b16abf6dbabacea7a7b85cdac2773f214862e4fb369340c032091ca4ad0e3,PASS,development,3,sha-0118-500b16abf6db
fa4aff041a75e131,Transactional Filipino Sign Language Dataset/Transactional Filipino Sign Language Dataset/recorded_data/SEVEN/SEVEN_18.mp4,SEVEN,7,099a2c391d66a2ecc0c505cfe29c6b416d5b5fda79025e3d1f104527a47df8cd,PASS,development,1,sha-0010-099a2c391d66
930556e14a316451,Transactional Filipino Sign Language Dataset/Transactional Filipino Sign Language Dataset/recorded_data/SEVEN/SEVEN_20.mp4,SEVEN,7,c3a9f1e041123595cf1797f4011605c44c872bd133ff6ff89768b999c340d626,PASS,development,2,sha-0279-c3a9f1e04112
7813abf5ca8959e1,Transactional Filipino Sign Language Dataset/Transactional Filipino Sign Language Dataset/recorded_data/SEVEN/SEVEN_21.mp4,SEVEN,7,981582996f988217cbe191f685e5b572fa149da4e4b836a9ddca25a9b0edc342,PASS,development,2,sha-0210-981582996f98
ab5db8c360c4dd0a,Transactional Filipino Sign Language Dataset/Transactional Filipino Sign Language Dataset/recorded_data/SEVEN/SEVEN_22.mp4,SEVEN,7,d303fe0422e8e024d4159284f1bd1fc08741bef02463f38730cfe9a136798dfe,PASS,development,0,sha-0301-d303fe0422e8
ed3c538c5a044770,Transactional Filipino Sign Language Dataset/Transactional Filipino Sign Language Dataset/recorded_data/SEVEN/SEVEN_23.mp4,SEVEN,7,f0d80e17b89b017f3a46d729e5e121e26ffe41e2764f7b80d1f8f524aa0485de,PASS,development,0,sha-0345-f0d80e17b89b
ffd3fbf36a1f865c,Transactional Filipino Sign Language Dataset/Transactional Filipino Sign Language Dataset/recorded_data/SEVEN/SEVEN_29.mp4,SEVEN,7,7c93f330f75343c332f5670de23f29f188969944cb824b625e62e5e0db34abfd,PASS,development,3,sha-0170-7c93f330f753
5e513adee29d912a,Transactional Filipino Sign Language Dataset/Transactional Filipino Sign Language Dataset/recorded_data/SEVEN/SEVEN_3.mp4,SEVEN,7,8f05b99c7814b288f24d91b5d80edce208813a9a4b58aa0299d9be51545951a8,PASS,development,0,sha-0191-8f05b99c7814
1695fafbcebd105a,Transactional Filipino Sign Language Dataset/Transactional Filipino Sign Language Dataset/recorded_data/SEVEN/SEVEN_31.mp4,SEVEN,7,4243fc9915dc4a36352f5cd6056691af16e9017639684ad346472e1357e38617,PASS,development,2,sha-0101-4243fc9915dc
0ad3932fc279bc6b,Transactional Filipino Sign Language Dataset/Transactional Filipino Sign Language Dataset/recorded_data/SEVEN/SEVEN_32.mp4,SEVEN,7,c387150ee12816546025795008b8b59745bad6028e3118bd6ef5cfbf61d4170c,PASS,development,1,sha-0278-c387150ee128
0662feb7092e608b,Transactional Filipino Sign Language Dataset/Transactional Filipino Sign Language Dataset/recorded_data/SEVEN/SEVEN_35.mp4,SEVEN,7,af44a7ce7d243c7d55d7fbe271bb1603acb9366d037894b1fc373456f7fda690,PASS,development,0,sha-0250-af44a7ce7d24
446b78cce2dc7394,Transactional Filipino Sign Language Dataset/Transactional Filipino Sign Language Dataset/recorded_data/SEVEN/SEVEN_37.mp4,SEVEN,7,3915bde8912275f8913447a7bbf24291ce09c595a95f0ba1d5a87b7adb0fc190,PASS,development,1,sha-0084-3915bde89122
a2926c1def8559a4,Transactional Filipino Sign Language Dataset/Transactional Filipino Sign Language Dataset/recorded_data/SEVEN/SEVEN_38.mp4,SEVEN,7,9c2dc80d424163577b4a60c623b5169b8af03f3e6f91ca38f89b7c150f8eb021,PASS,development,3,sha-0214-9c2dc80d4241
9d395e9c197c5537,Transactional Filipino Sign Language Dataset/Transactional Filipino Sign Language Dataset/recorded_data/SEVEN/SEVEN_39.mp4,SEVEN,7,ce3f380496fb8352fa0f591f7e1b43a3b55ea6fb38acd985fd2d632b667c5a27,PASS,sealed_test,,sha-0295-ce3f380496fb
06ef66d36af350e2,Transactional Filipino Sign Language Dataset/Transactional Filipino Sign Language Dataset/recorded_data/SEVEN/SEVEN_40.mp4,SEVEN,7,2b711faf46afa0927bbd6be421b9799fbcd0d9bbc085bfa19ba6f515ae4f5fed,PASS,development,3,sha-0065-2b711faf46af
e856bc50990e1df2,Transactional Filipino Sign Language Dataset/Transactional Filipino Sign Language Dataset/recorded_data/SEVEN/SEVEN_42.mp4,SEVEN,7,291f5ac2839d580ee3273ded9714fc62517be1a7a32a232fdc2cf80319dd4705,PASS,development,3,sha-0058-291f5ac2839d
cf59f485203213af,Transactional Filipino Sign Language Dataset/Transactional Filipino Sign Language Dataset/recorded_data/SEVEN/SEVEN_5.mp4,SEVEN,7,10befdb9e6511255a45bedde6ea81dcf79cf9c6bb23dc3e455fb92ef551710b2,PASS,development,2,sha-0023-10befdb9e651
600780cf53b3a592,Transactional Filipino Sign Language Dataset/Transactional Filipino Sign Language Dataset/recorded_data/SEVEN/SEVEN_6.mp4,SEVEN,7,f3c02c82af69494b3a0112aa36a31319477d051e27da61933456ae483d4f9f95,PASS,development,2,sha-0353-f3c02c82af69
d82ca4faf44a99d3,Transactional Filipino Sign Language Dataset/Transactional Filipino Sign Language Dataset/recorded_data/SEVEN/SEVEN_7.mp4,SEVEN,7,811041cd75eeb9f4cef5c3abb071590d1a4b1315ddf86a43d2c1c2ff5faefffd,PASS,development,1,sha-0175-811041cd75ee
c90ea8b4a8e8b44f,Transactional Filipino Sign Language Dataset/Transactional Filipino Sign Language Dataset/recorded_data/SEVEN/SEVEN_8.mp4,SEVEN,7,0d63d47ffacb577f659a08ce90c91c8cbd8d2b2e051cd79eb0eddc991e481b61,PASS,development,1,sha-0019-0d63d47ffacb
75fcf745a3ce5311,Transactional Filipino Sign Language Dataset/Transactional Filipino Sign Language Dataset/recorded_data/SIX/SIX_1.mp4,SIX,8,bec71473b0f1b9726c50a57ae99eb25122b25b6686254a1bafbe43128496e51d,PASS,development,0,sha-0272-bec71473b0f1
71228b37981b9575,Transactional Filipino Sign Language Dataset/Transactional Filipino Sign Language Dataset/recorded_data/SIX/SIX_10.mp4,SIX,8,40b48a06475ff6dce53a57db28836a69e504f092dd8504c0586ce26ffa673ea3,PASS,development,3,sha-0098-40b48a06475f
c082a5e289d7ff23,Transactional Filipino Sign Language Dataset/Transactional Filipino Sign Language Dataset/recorded_data/SIX/SIX_11.mp4,SIX,8,29fe3edc2fd0fb7b43cbb70a3c17e0aeee3356f4b9be23bae3c0673aab0c0379,PASS,sealed_test,,sha-0063-29fe3edc2fd0
68db9be31de038ac,Transactional Filipino Sign Language Dataset/Transactional Filipino Sign Language Dataset/recorded_data/SIX/SIX_12.mp4,SIX,8,571675077daf1c4094ff15aeb04ba16be52f580d5e4ed1c4b90750fdf21cfdf4,PASS,development,2,sha-0126-571675077daf
18b8986b508667a5,Transactional Filipino Sign Language Dataset/Transactional Filipino Sign Language Dataset/recorded_data/SIX/SIX_17.mp4,SIX,8,947c6c1c374ae8bd42b797c5560b2d83e3cef850fc322eca8b21a899868679b7,PASS,development,1,sha-0202-947c6c1c374a
28c731e4e329280c,Transactional Filipino Sign Language Dataset/Transactional Filipino Sign Language Dataset/recorded_data/SIX/SIX_18.mp4,SIX,8,498cff5bd5c01fc3f45cbdf8fd84d29dd4399401ea61c572c7ef8a07f9eab7ba,PASS,development,0,sha-0109-498cff5bd5c0
e7251597d2c5f8f2,Transactional Filipino Sign Language Dataset/Transactional Filipino Sign Language Dataset/recorded_data/SIX/SIX_20.mp4,SIX,8,bbfdf5a92f7d2c387a188983463ad5807544f2d269e7a4a79a46810cd83ab961,PASS,development,3,sha-0269-bbfdf5a92f7d
9b1cf91b07e22958,Transactional Filipino Sign Language Dataset/Transactional Filipino Sign Language Dataset/recorded_data/SIX/SIX_21.mp4,SIX,8,a082a7a89c8f9a8a04760b7da6235e6ba90000bffccd2c4be7b3be1cbf8c0940,PASS,development,1,sha-0221-a082a7a89c8f
9733876df682f4a6,Transactional Filipino Sign Language Dataset/Transactional Filipino Sign Language Dataset/recorded_data/SIX/SIX_22.mp4,SIX,8,56d4cd9c88abf02e6c46df3802fb08ecd90c805cbb7f3f9108042ef078de2416,PASS,development,3,sha-0125-56d4cd9c88ab
4c5d35672f327aff,Transactional Filipino Sign Language Dataset/Transactional Filipino Sign Language Dataset/recorded_data/SIX/SIX_23.mp4,SIX,8,be3bfc43bf17aaedcd26b8f7834cacc068caf720f2648cc946efe360b1a84731,PASS,development,0,sha-0270-be3bfc43bf17
948d957eb4c0bf52,Transactional Filipino Sign Language Dataset/Transactional Filipino Sign Language Dataset/recorded_data/SIX/SIX_27.mp4,SIX,8,c26977ea65afb865673ed3370d41f39843c2b9b3519cd2f3d6753161b42f6078,PASS,sealed_test,,sha-0276-c26977ea65af
6c378157d42b4ed4,Transactional Filipino Sign Language Dataset/Transactional Filipino Sign Language Dataset/recorded_data/SIX/SIX_29.mp4,SIX,8,4fe342223a54cbdb498865866bd2a787b2635f664a3bac4fab7e5994e6eeb698,PASS,development,0,sha-0117-4fe342223a54
04d8256bc8884d23,Transactional Filipino Sign Language Dataset/Transactional Filipino Sign Language Dataset/recorded_data/SIX/SIX_3.mp4,SIX,8,8c301008100f135e0f9bc0e33e40ea25e92d79262535014924a1463616c3af01,PASS,development,1,sha-0184-8c301008100f
48cc05fbb51dbe9c,Transactional Filipino Sign Language Dataset/Transactional Filipino Sign Language Dataset/recorded_data/SIX/SIX_31.mp4,SIX,8,7ad45b8572a0ca88c21c333c45bfbd8853d231fb45bff36563affe9ca3fe1060,PASS,development,2,sha-0166-7ad45b8572a0
6f9d2d5accd44de2,Transactional Filipino Sign Language Dataset/Transactional Filipino Sign Language Dataset/recorded_data/SIX/SIX_32.mp4,SIX,8,7ffcbb7ea1e3a99690c929e3b741c1fc83730ab33f65ce704003ee282b1c6ef7,PASS,development,3,sha-0173-7ffcbb7ea1e3
defbde9fe6d8426d,Transactional Filipino Sign Language Dataset/Transactional Filipino Sign Language Dataset/recorded_data/SIX/SIX_33.mp4,SIX,8,c1d5c1cb2ef9cd6e670569a902ef64b2a2b6496b7f053053d7120033c7b1ed3b,PASS,development,0,sha-0275-c1d5c1cb2ef9
f59187f4dcbf4809,Transactional Filipino Sign Language Dataset/Transactional Filipino Sign Language Dataset/recorded_data/SIX/SIX_35.mp4,SIX,8,5ba4425cfca5d2d319fca4c68f2455623558aa931b54e68838a6f9a861ab32e7,PASS,development,0,sha-0131-5ba4425cfca5
6e26dece104117c2,Transactional Filipino Sign Language Dataset/Transactional Filipino Sign Language Dataset/recorded_data/SIX/SIX_39.mp4,SIX,8,3b45c313aad18a062bef761f014c95fafc04659e8892efff8f48fd08b7dc4486,PASS,sealed_test,,sha-0090-3b45c313aad1
339ef1ba1084dec2,Transactional Filipino Sign Language Dataset/Transactional Filipino Sign Language Dataset/recorded_data/SIX/SIX_40.mp4,SIX,8,a2c7fca6c26dc493a9beae962902a18cbcae257a3d722f53c13fd64173d8c5c7,PASS,sealed_test,,sha-0225-a2c7fca6c26d
131cf1d7b8048424,Transactional Filipino Sign Language Dataset/Transactional Filipino Sign Language Dataset/recorded_data/SIX/SIX_41.mp4,SIX,8,f986d8eb4c0a7e216deb6e7ee2c500e814a033091f69393d562ecd45aee82e7b,PASS,development,2,sha-0358-f986d8eb4c0a
4a31b18b3374b1fa,Transactional Filipino Sign Language Dataset/Transactional Filipino Sign Language Dataset/recorded_data/SIX/SIX_5.mp4,SIX,8,00e8162eee3799f00e17e67bd23e65e53d8995e6e7643c25bc07b115ea6d2099,PASS,development,2,sha-0000-00e8162eee37
5070e2b839e60030,Transactional Filipino Sign Language Dataset/Transactional Filipino Sign Language Dataset/recorded_data/SIX/SIX_6.mp4,SIX,8,f10c6c22bd4758b8c310b72fddd428a8869e9c02742521bd5f0899818e1dc500,PASS,development,2,sha-0346-f10c6c22bd47
2326ed6cf716795b,Transactional Filipino Sign Language Dataset/Transactional Filipino Sign Language Dataset/recorded_data/SIX/SIX_7.mp4,SIX,8,312c13a4a68efc0e806d569eabd838eef7b730f8f266ca6b087a6cfbd63582de,PASS,development,1,sha-0071-312c13a4a68e
92c611580699ec10,Transactional Filipino Sign Language Dataset/Transactional Filipino Sign Language Dataset/recorded_data/SIX/SIX_8.mp4,SIX,8,0b03ac30e1956893d59b75ffb2dffeaaea26f320834845ec1974e8c1fa176462,PASS,development,1,sha-0014-0b03ac30e195
0c8f0d8e540bcf40,Transactional Filipino Sign Language Dataset/Transactional Filipino Sign Language Dataset/recorded_data/SIX/SIX_9.mp4,SIX,8,c614455cf32c1f7e737cca1314155700f0f84be2eb777477142fe6e7239fcae7,PASS,development,3,sha-0284-c614455cf32c
1b7dcde9c9b1b696,Transactional Filipino Sign Language Dataset/Transactional Filipino Sign Language Dataset/recorded_data/TEN/TEN_10.mp4,TEN,9,1e23d79dddd859bc0f1b46f30d961e5e19f58fbfaec51ed28caab4f84c25d6be,PASS,development,0,sha-0035-1e23d79dddd8
7b00b388d5c2566e,Transactional Filipino Sign Language Dataset/Transactional Filipino Sign Language Dataset/recorded_data/TEN/TEN_11.mp4,TEN,9,345b0f3a135c94e3f028714c051018df9d59b3e0f335bed5592b9e6072e298c4,PASS,development,3,sha-0076-345b0f3a135c
cac6b4c0aa485e2a,Transactional Filipino Sign Language Dataset/Transactional Filipino Sign Language Dataset/recorded_data/TEN/TEN_12.mp4,TEN,9,ca012909658d1fdc70f714f3f1547aac3ebbd0134573e6957b9fb89a0677c3c4,PASS,development,3,sha-0288-ca012909658d
7b23e1206b9557e3,Transactional Filipino Sign Language Dataset/Transactional Filipino Sign Language Dataset/recorded_data/TEN/TEN_15.mp4,TEN,9,24002b605b321f9a4b9be109a8e7015b537791e11e8df7eb4af8b56fd41f81fe,PASS,development,2,sha-0047-24002b605b32
649e86f55d9e8967,Transactional Filipino Sign Language Dataset/Transactional Filipino Sign Language Dataset/recorded_data/TEN/TEN_16.mp4,TEN,9,6f5f9402ea7020c06563c256462de3d67deb84867459e72d311da8a30368bcb1,PASS,development,1,sha-0154-6f5f9402ea70
3069a47e05a6feb3,Transactional Filipino Sign Language Dataset/Transactional Filipino Sign Language Dataset/recorded_data/TEN/TEN_19.mp4,TEN,9,a598a5f0d077607cc2834a1bb112f8361278fb2ec3776b05331f74cf65585c42,PASS,development,2,sha-0233-a598a5f0d077
6d3d1fab716ea04d,Transactional Filipino Sign Language Dataset/Transactional Filipino Sign Language Dataset/recorded_data/TEN/TEN_20.mp4,TEN,9,1c12c40af82107fa17ca0953c390982f741f6e5849e8fc6195373d5c1cb98aa5,PASS,development,0,sha-0031-1c12c40af821
6c141d19b622c2ae,Transactional Filipino Sign Language Dataset/Transactional Filipino Sign Language Dataset/recorded_data/TEN/TEN_21.mp4,TEN,9,0be72bee6b7c2ede8c867e099fbbca3fb4b3525b6da2951a8330f653ab2cfb5e,PASS,development,3,sha-0016-0be72bee6b7c
fc51c7605bfcc54a,Transactional Filipino Sign Language Dataset/Transactional Filipino Sign Language Dataset/recorded_data/TEN/TEN_22.mp4,TEN,9,b5767ca5ded21415d438594313eb78197968788b7a47ab5ba3c5ac8605c734f4,PASS,development,2,sha-0256-b5767ca5ded2
6b0011ed7a28985c,Transactional Filipino Sign Language Dataset/Transactional Filipino Sign Language Dataset/recorded_data/TEN/TEN_23.mp4,TEN,9,ade4a35b8d5bedc177c87f4c3699533376bbef09d912672cd672310a9de0f330,PASS,sealed_test,,sha-0246-ade4a35b8d5b
415d8dca15c13428,Transactional Filipino Sign Language Dataset/Transactional Filipino Sign Language Dataset/recorded_data/TEN/TEN_24.mp4,TEN,9,5388e62ea87a78a6ffd014a3be6f55faaa298135ed6e92a33062aba4b5882ef7,PASS,development,0,sha-0121-5388e62ea87a
241645b55142f152,Transactional Filipino Sign Language Dataset/Transactional Filipino Sign Language Dataset/recorded_data/TEN/TEN_29.mp4,TEN,9,a1387d35bfa54cd6ef40b0d8a0a2d62d43b5810365e472ae21da15553bb0b7e3,PASS,sealed_test,,sha-0223-a1387d35bfa5
4be3ae3cad0ecf64,Transactional Filipino Sign Language Dataset/Transactional Filipino Sign Language Dataset/recorded_data/TEN/TEN_30.mp4,TEN,9,4c4d8953bfa56530d54395cc03c4b9060a6c95c800677cc2fb1aca2a42cff3ac,PASS,development,1,sha-0115-4c4d8953bfa5
b5d586acb8f99b97,Transactional Filipino Sign Language Dataset/Transactional Filipino Sign Language Dataset/recorded_data/TEN/TEN_31.mp4,TEN,9,56635946eee053fd3d045263e1093d0f563308f2e299069618702aba7cd256b3,PASS,development,1,sha-0124-56635946eee0
85814f3bb3f077fc,Transactional Filipino Sign Language Dataset/Transactional Filipino Sign Language Dataset/recorded_data/TEN/TEN_33.mp4,TEN,9,7416c12366d73eeae69f4dbc95b68b7225d6745a1f722ca4c307694821315071,PASS,development,1,sha-0158-7416c12366d7
da32cc664c764a89,Transactional Filipino Sign Language Dataset/Transactional Filipino Sign Language Dataset/recorded_data/TEN/TEN_34.mp4,TEN,9,633079694dfa8681ae8abdee5082a62f60bb66d91a004686b062fb7efd053539,PASS,development,1,sha-0141-633079694dfa
39ea405303513766,Transactional Filipino Sign Language Dataset/Transactional Filipino Sign Language Dataset/recorded_data/TEN/TEN_36.mp4,TEN,9,b65c7d085e4d15ad9b3363345cb27dd5c2246a39e8cdcce3c9ddb64a28394905,PASS,development,0,sha-0261-b65c7d085e4d
ee8dcb87aaec5c7c,Transactional Filipino Sign Language Dataset/Transactional Filipino Sign Language Dataset/recorded_data/TEN/TEN_37.mp4,TEN,9,9f598c80af2286cb06381da4aaa38f4e8e2a2711c6c8bf6419f0ce393ab76877,PASS,development,0,sha-0220-9f598c80af22
af7abd512da4c61c,Transactional Filipino Sign Language Dataset/Transactional Filipino Sign Language Dataset/recorded_data/TEN/TEN_38.mp4,TEN,9,b6286a062e7987238b2ae6c3166d013fccc1fd94abab33767b987495a00c7ee9,PASS,development,2,sha-0259-b6286a062e79
669830fed48c069f,Transactional Filipino Sign Language Dataset/Transactional Filipino Sign Language Dataset/recorded_data/TEN/TEN_7.mp4,TEN,9,93a9426bd960f30a0d7302b37a7a71efdd50a420ae4c1116cf08d51d3c9879cc,PASS,development,3,sha-0200-93a9426bd960
4c369fda086d6c2a,Transactional Filipino Sign Language Dataset/Transactional Filipino Sign Language Dataset/recorded_data/TEN/TEN_8.mp4,TEN,9,7784a60778014da94790a97ab9da68ad96838101eb715d18c967c30315a67ea8,PASS,sealed_test,,sha-0161-7784a6077801
6e8ce106490601f3,Transactional Filipino Sign Language Dataset/Transactional Filipino Sign Language Dataset/recorded_data/TEN/TEN_9.mp4,TEN,9,01bef0e509adb0ba91fe0644c383998dcd67470d3f66c2060dde5371aad481c4,PASS,development,2,sha-0004-01bef0e509ad
c116b3e0fe7c9a5a,Transactional Filipino Sign Language Dataset/Transactional Filipino Sign Language Dataset/recorded_data/THANK_YOU/THANK_YOU_10.mp4,THANK_YOU,10,f2f0489773e903b004d01e67743d52ad211e870568a0bea8d05bfd4628ca0ad2,PASS,development,1,sha-0350-f2f0489773e9
8d5b74a5e075dd00,Transactional Filipino Sign Language Dataset/Transactional Filipino Sign Language Dataset/recorded_data/THANK_YOU/THANK_YOU_11.mp4,THANK_YOU,10,e19b23a812518163e89db40a617ec3bd58ec1d71529553914fdc85a10ccd2874,PASS,development,1,sha-0323-e19b23a81251
902aab229548beda,Transactional Filipino Sign Language Dataset/Transactional Filipino Sign Language Dataset/recorded_data/THANK_YOU/THANK_YOU_12.mp4,THANK_YOU,10,3f2c0b32f7c52508b3e2c05a30ef6f57b85d926e88bcf9f88ec830f459acc670,PASS,development,2,sha-0094-3f2c0b32f7c5
e68d9286cc9d821e,Transactional Filipino Sign Language Dataset/Transactional Filipino Sign Language Dataset/recorded_data/THANK_YOU/THANK_YOU_15.mp4,THANK_YOU,10,5eec4e4e7377207e512d98c97123b99ebe3561b52ded7fbc4b2efbdf0999e5ba,PASS,development,3,sha-0133-5eec4e4e7377
2da84bdae3189fbb,Transactional Filipino Sign Language Dataset/Transactional Filipino Sign Language Dataset/recorded_data/THANK_YOU/THANK_YOU_16.mp4,THANK_YOU,10,2962f59fc6e93b884d69ee8e99a7bd40d21348b4440b459fb2be6dc4a4ef1a09,PASS,sealed_test,,sha-0060-2962f59fc6e9
1634734e49a272a8,Transactional Filipino Sign Language Dataset/Transactional Filipino Sign Language Dataset/recorded_data/THANK_YOU/THANK_YOU_19.mp4,THANK_YOU,10,b596c2ed4e89feeb5106719c8c0c426b708cbfa7351fa874fbf1195b9fd9e2da,PASS,development,3,sha-0257-b596c2ed4e89
7e4662d5cc20a117,Transactional Filipino Sign Language Dataset/Transactional Filipino Sign Language Dataset/recorded_data/THANK_YOU/THANK_YOU_2.mp4,THANK_YOU,10,23b50c5fea52decc098faece96f1305fd138b6bcc3a7e9a7035925822729011d,PASS,development,3,sha-0044-23b50c5fea52
d22110acbc74c314,Transactional Filipino Sign Language Dataset/Transactional Filipino Sign Language Dataset/recorded_data/THANK_YOU/THANK_YOU_21.mp4,THANK_YOU,10,491eb076dc40e4feda5604bf094f70f29da5351a620f64fc0f7abacd97f9d7b6,PASS,development,1,sha-0105-491eb076dc40
94920a3c558c7c5e,Transactional Filipino Sign Language Dataset/Transactional Filipino Sign Language Dataset/recorded_data/THANK_YOU/THANK_YOU_23.mp4,THANK_YOU,10,91d1a27c562929343393e6174e1339e21bc9b6c936ceee85fd33b7259dafe83f,PASS,development,1,sha-0196-91d1a27c5629
7e00eb8e68caeec7,Transactional Filipino Sign Language Dataset/Transactional Filipino Sign Language Dataset/recorded_data/THANK_YOU/THANK_YOU_25.mp4,THANK_YOU,10,1ec53372aa0424e4618665166af61e262d64feaa5f1dcd2506c3a4aca37172d3,PASS,development,2,sha-0036-1ec53372aa04
2780e0cc5c9e0fb5,Transactional Filipino Sign Language Dataset/Transactional Filipino Sign Language Dataset/recorded_data/THANK_YOU/THANK_YOU_27.mp4,THANK_YOU,10,062e5d09125be4714e72769766f44c8637599560798ca1df609ef7bdbd6e2c05,PASS,sealed_test,,sha-0009-062e5d09125b
a8a77458a193fa19,Transactional Filipino Sign Language Dataset/Transactional Filipino Sign Language Dataset/recorded_data/THANK_YOU/THANK_YOU_29.mp4,THANK_YOU,10,e810ada142cee2aaee98e79118be3f271f18d1f61ac14cb2ece7f106e31a3ca0,PASS,development,1,sha-0332-e810ada142ce
0ae3bad0bbcb0a07,Transactional Filipino Sign Language Dataset/Transactional Filipino Sign Language Dataset/recorded_data/THANK_YOU/THANK_YOU_3.mp4,THANK_YOU,10,e98f7e4e512794182d50e452992b248a19ec24b717a29dc86d24078cf5043c33,PASS,development,2,sha-0336-e98f7e4e5127
9733179cfac993ef,Transactional Filipino Sign Language Dataset/Transactional Filipino Sign Language Dataset/recorded_data/THANK_YOU/THANK_YOU_31.mp4,THANK_YOU,10,ba69c64dfeff69f850b2e826bdb9be59685d258c18bb00f76888b7fcba410533,PASS,development,0,sha-0266-ba69c64dfeff
0aec5f415b76871b,Transactional Filipino Sign Language Dataset/Transactional Filipino Sign Language Dataset/recorded_data/THANK_YOU/THANK_YOU_35.mp4,THANK_YOU,10,180c69df83c16130b85690a8d8094805366124692fd243a9f732f1316cc37319,PASS,development,3,sha-0029-180c69df83c1
59e38042ead0b269,Transactional Filipino Sign Language Dataset/Transactional Filipino Sign Language Dataset/recorded_data/THANK_YOU/THANK_YOU_37.mp4,THANK_YOU,10,053c7e2e4a862b707998d9cfcf03c689c838f974fa2e2a2a60d814d702f6bf7e,PASS,development,3,sha-0008-053c7e2e4a86
d1b17cc21df29240,Transactional Filipino Sign Language Dataset/Transactional Filipino Sign Language Dataset/recorded_data/THANK_YOU/THANK_YOU_39.mp4,THANK_YOU,10,32b02d40030879d2aafbc7e1a5356d2b0b8e3cc4845484f1dbc833bff48668a4,PASS,sealed_test,,sha-0074-32b02d400308
ed4e143c0bab34ec,Transactional Filipino Sign Language Dataset/Transactional Filipino Sign Language Dataset/recorded_data/THANK_YOU/THANK_YOU_4.mp4,THANK_YOU,10,6fbb07c4ca43d6be250c4af5ea520fbb53d48035658d7dce655bfc01d7e45853,PASS,development,0,sha-0155-6fbb07c4ca43
187a73d43a51cded,Transactional Filipino Sign Language Dataset/Transactional Filipino Sign Language Dataset/recorded_data/THANK_YOU/THANK_YOU_40.mp4,THANK_YOU,10,8e3e5759217557f40bac6f07bd812cf7c60f2d61a83009ada84e397cfd1ec2ac,PASS,sealed_test,,sha-0189-8e3e57592175
90eb93462b5e8e53,Transactional Filipino Sign Language Dataset/Transactional Filipino Sign Language Dataset/recorded_data/THANK_YOU/THANK_YOU_41.mp4,THANK_YOU,10,0a0eadd97aac1cddc0ea633492dafe8b0d07bc394d541461232ee70880ffd483,PASS,development,0,sha-0013-0a0eadd97aac
fd9042647ea9e524,Transactional Filipino Sign Language Dataset/Transactional Filipino Sign Language Dataset/recorded_data/THANK_YOU/THANK_YOU_5.mp4,THANK_YOU,10,91a945e1126b555c60cacf745d2d0d3b29ed16feeb5767f3c3c0b9cdc0fd86f4,PASS,development,0,sha-0195-91a945e1126b
a7a1ac7edaf65228,Transactional Filipino Sign Language Dataset/Transactional Filipino Sign Language Dataset/recorded_data/THANK_YOU/THANK_YOU_6.mp4,THANK_YOU,10,ec8132d58110017d9c4b8166d6b378ab4e427ad1856466f0acc75ddbb410217c,PASS,development,2,sha-0341-ec8132d58110
891f73f66683211f,Transactional Filipino Sign Language Dataset/Transactional Filipino Sign Language Dataset/recorded_data/THANK_YOU/THANK_YOU_7.mp4,THANK_YOU,10,2d502362aa7e3b6bbc40e659b36ea717c0ca0f120dff46024b2a5c837d718da1,PASS,development,0,sha-0069-2d502362aa7e
fb64b2268a82158e,Transactional Filipino Sign Language Dataset/Transactional Filipino Sign Language Dataset/recorded_data/THANK_YOU/THANK_YOU_8.mp4,THANK_YOU,10,ffe7264f60bc6def9153f7837a7fbb27aabe6c4bdaa93f8dfef4a69bf10d71e7,PASS,development,2,sha-0366-ffe7264f60bc
cae53c236082d8e8,Transactional Filipino Sign Language Dataset/Transactional Filipino Sign Language Dataset/recorded_data/THREE/THREE_1.mp4,THREE,11,0b4294d87586673ab4a033316b9c186e0042c7dab0511b9320246ed644bea7af,PASS,development,1,sha-0015-0b4294d87586
27678ef1df4c5d21,Transactional Filipino Sign Language Dataset/Transactional Filipino Sign Language Dataset/recorded_data/THREE/THREE_10.mp4,THREE,11,fb110b9f0dcc775baa40c0fc427a6c2e0c6d92b20412f5f2368b5d2f15948649,PASS,development,2,sha-0362-fb110b9f0dcc
908af9f54a912d2d,Transactional Filipino Sign Language Dataset/Transactional Filipino Sign Language Dataset/recorded_data/THREE/THREE_11.mp4,THREE,11,9c398da477cb088bbde169bdc2fecba7c76df4e98670f2605ed994315d9360b1,PASS,development,3,sha-0215-9c398da477cb
0b254dfa20053a9e,Transactional Filipino Sign Language Dataset/Transactional Filipino Sign Language Dataset/recorded_data/THREE/THREE_12.mp4,THREE,11,d5617cbdf551e9f99708f558d3fd912097cc0846e165d3612e5a5292f11ee84d,PASS,development,3,sha-0304-d5617cbdf551
265b8a036016c6cc,Transactional Filipino Sign Language Dataset/Transactional Filipino Sign Language Dataset/recorded_data/THREE/THREE_15.mp4,THREE,11,96dcd0cfebc897783d1b4ab01e7984eeece998d38a5182681e0c01df14bb8a40,PASS,development,3,sha-0206-96dcd0cfebc8
1bd99165f4a7536c,Transactional Filipino Sign Language Dataset/Transactional Filipino Sign Language Dataset/recorded_data/THREE/THREE_16.mp4,THREE,11,710eddcbe55a80e14acd8a41830ae6ee8effe11111bbeffd3c6ecd29d48001f8,PASS,sealed_test,,sha-0156-710eddcbe55a
0ca0d833f0ad13f7,Transactional Filipino Sign Language Dataset/Transactional Filipino Sign Language Dataset/recorded_data/THREE/THREE_17.mp4,THREE,11,b7b629fc23f77701bdb20e0dec15bf4db7d88fce98b1627a101d17e285958eb3,PASS,sealed_test,,sha-0263-b7b629fc23f7
8e8e139ecb148c59,Transactional Filipino Sign Language Dataset/Transactional Filipino Sign Language Dataset/recorded_data/THREE/THREE_18.mp4,THREE,11,39f1d2efc177b09ae16cd5b1eb5c6d61c1256ac10d45c65f5126d471a6162a23,PASS,sealed_test,,sha-0086-39f1d2efc177
7a906e0ac9c38422,Transactional Filipino Sign Language Dataset/Transactional Filipino Sign Language Dataset/recorded_data/THREE/THREE_19.mp4,THREE,11,f38a67fdb8d80a98fa1d06bbbfdc01bba9e591b933f7a87a6e8ad0981721f29d,PASS,development,2,sha-0351-f38a67fdb8d8
345dc3d585c9aad8,Transactional Filipino Sign Language Dataset/Transactional Filipino Sign Language Dataset/recorded_data/THREE/THREE_2.mp4,THREE,11,22b208eda74b90fd96817600dfce243144d4e77bfe96d4d44351fd164b80e2dd,PASS,development,3,sha-0043-22b208eda74b
43c84d135968f91c,Transactional Filipino Sign Language Dataset/Transactional Filipino Sign Language Dataset/recorded_data/THREE/THREE_20.mp4,THREE,11,e7e166e006918119d09e00c2126ade67c4c60d036a8d6a3d551a6450fa23d73a,PASS,development,1,sha-0331-e7e166e00691
805d63de8464facf,Transactional Filipino Sign Language Dataset/Transactional Filipino Sign Language Dataset/recorded_data/THREE/THREE_21.mp4,THREE,11,7b22e54ff890c1a945a62f73be0f7d435646f144cdb9607d8b5e9ecf0e601204,PASS,development,0,sha-0167-7b22e54ff890
50590fe020287b60,Transactional Filipino Sign Language Dataset/Transactional Filipino Sign Language Dataset/recorded_data/THREE/THREE_22.mp4,THREE,11,af2d23843aa4df2c3833a5113f75b04327fdc3690c584460d8e5bfc3ca40d0fb,PASS,development,1,sha-0249-af2d23843aa4
fa9ad37ac26a0b69,Transactional Filipino Sign Language Dataset/Transactional Filipino Sign Language Dataset/recorded_data/THREE/THREE_23.mp4,THREE,11,9ab249ead56f1c573d897da072e5f16acc2ed0559d50225e1a4036309e33589e,PASS,development,0,sha-0212-9ab249ead56f
732c6ade9261d239,Transactional Filipino Sign Language Dataset/Transactional Filipino Sign Language Dataset/recorded_data/THREE/THREE_26.mp4,THREE,11,8858d4e166a2c865cdf88e87bb2c328ecaf9fc907b5302deb5ae0ab8eb169ab6,PASS,development,2,sha-0179-8858d4e166a2
c27fe73ad0412dc7,Transactional Filipino Sign Language Dataset/Transactional Filipino Sign Language Dataset/recorded_data/THREE/THREE_29.mp4,THREE,11,47c18f4777441e3c288f52b673129632b1a33b52630beac5f688ae59bb39efbe,PASS,development,0,sha-0103-47c18f477744
264fec932aa0d4c6,Transactional Filipino Sign Language Dataset/Transactional Filipino Sign Language Dataset/recorded_data/THREE/THREE_3.mp4,THREE,11,e324dd5ff94bdea6fad1bab79a3f9aa6cd37b4d78baeade5bdd03c57c271ded7,PASS,development,3,sha-0325-e324dd5ff94b
6b12451fef1335c5,Transactional Filipino Sign Language Dataset/Transactional Filipino Sign Language Dataset/recorded_data/THREE/THREE_31.mp4,THREE,11,bfb5928c042d9cfc337d8244c7a23c3ea85257a7e079db42e25b3c43c1f65cb3,PASS,development,0,sha-0273-bfb5928c042d
e849bb37c846b276,Transactional Filipino Sign Language Dataset/Transactional Filipino Sign Language Dataset/recorded_data/THREE/THREE_32.mp4,THREE,11,da65b9766d368a987e764551f45d7985b7b7a4cc8e2733a45669afa79396ff1c,PASS,development,1,sha-0314-da65b9766d36
951e359611cfd135,Transactional Filipino Sign Language Dataset/Transactional Filipino Sign Language Dataset/recorded_data/THREE/THREE_35.mp4,THREE,11,3af49d35f974d3a4459722c7aa8a5c24e5dcc28934865623eee14b03098b05c1,PASS,development,1,sha-0089-3af49d35f974
c93d33cbea90e675,Transactional Filipino Sign Language Dataset/Transactional Filipino Sign Language Dataset/recorded_data/THREE/THREE_36.mp4,THREE,11,e048ebafe2a5fecfd0785ad5bade2ab427b888f4d4d80c737e22f3c19c445976,PASS,development,2,sha-0322-e048ebafe2a5
2373fd64dfb20528,Transactional Filipino Sign Language Dataset/Transactional Filipino Sign Language Dataset/recorded_data/THREE/THREE_37.mp4,THREE,11,1f91a02fb668ba6b6d5f748b64979a5278115498c72558b3f776997a229869f4,PASS,development,2,sha-0038-1f91a02fb668
53616899121c6fd8,Transactional Filipino Sign Language Dataset/Transactional Filipino Sign Language Dataset/recorded_data/THREE/THREE_38.mp4,THREE,11,9344ec5ff4916e05abefb7d56ae8752797db2ac5083ce6a53663963dada33602,PASS,development,0,sha-0199-9344ec5ff491
76a28333353cd0e5,Transactional Filipino Sign Language Dataset/Transactional Filipino Sign Language Dataset/recorded_data/THREE/THREE_40.mp4,THREE,11,1de016d5ebee5dfaf0fbd85b6c7f898b0b8740add678b1288afa38d71003d5c8,PASS,development,2,sha-0034-1de016d5ebee
19653a54411dc9df,Transactional Filipino Sign Language Dataset/Transactional Filipino Sign Language Dataset/recorded_data/THREE/THREE_6.mp4,THREE,11,2941d9c3ab3495a2e22ec00c87f8c4fd7efca9500a7a11f622287cbdf7e5258d,PASS,sealed_test,,sha-0059-2941d9c3ab34
770b2d28a97b332a,Transactional Filipino Sign Language Dataset/Transactional Filipino Sign Language Dataset/recorded_data/THREE/THREE_7.mp4,THREE,11,c567f418a20954efe46c1c827e4a5d2f8a795de2ac6f57c4081dad48bf0fc52c,PASS,development,1,sha-0280-c567f418a209
7de0488051bfe814,Transactional Filipino Sign Language Dataset/Transactional Filipino Sign Language Dataset/recorded_data/THREE/THREE_8.mp4,THREE,11,cc51c45f300507aa4841c290001aa5fd6863661efdb3b9181a81a0e2bc9ad3ee,PASS,development,0,sha-0292-cc51c45f3005
aa60e053e014814e,Transactional Filipino Sign Language Dataset/Transactional Filipino Sign Language Dataset/recorded_data/THREE/THREE_9.mp4,THREE,11,f459aca4b491daa396809ada80cf8a691eaf40523eb0a14754f88970ee89fce9,PASS,development,3,sha-0354-f459aca4b491
9ebaec7756851cdf,Transactional Filipino Sign Language Dataset/Transactional Filipino Sign Language Dataset/recorded_data/TWO/TWO_10.mp4,TWO,12,26f52fa092686f92ad98df882eebb55fe8726e9bb5aa21773c4af7e4c6ebe799,PASS,sealed_test,,sha-0053-26f52fa09268
d769f9db933fc507,Transactional Filipino Sign Language Dataset/Transactional Filipino Sign Language Dataset/recorded_data/TWO/TWO_11.mp4,TWO,12,1f7413b0c0d9ecb489ed536acffa8adcbd0b6b2d83402275845533631d4db7cd,PASS,development,2,sha-0037-1f7413b0c0d9
de28557162ad0266,Transactional Filipino Sign Language Dataset/Transactional Filipino Sign Language Dataset/recorded_data/TWO/TWO_12.mp4,TWO,12,0c4a1ba54abc9d054b92e8e0198bf93759ab2a034e55d4e56d592727a83b9bc5,PASS,development,1,sha-0017-0c4a1ba54abc
e4dc60eb7bb2170e,Transactional Filipino Sign Language Dataset/Transactional Filipino Sign Language Dataset/recorded_data/TWO/TWO_13.mp4,TWO,12,3ac6b6921a1f4250d5ba6410ff4effd3f4dda0e75dd2295523c1ecc339aaa0e4,PASS,development,0,sha-0088-3ac6b6921a1f
929343c6d6d0db91,Transactional Filipino Sign Language Dataset/Transactional Filipino Sign Language Dataset/recorded_data/TWO/TWO_14.mp4,TWO,12,8d136d25251ab9ed2a14b928e86ce1ab85b8ede059ebc56b20f3c1f9c2268e6c,PASS,development,3,sha-0185-8d136d25251a
2ffc441149a57ad6,Transactional Filipino Sign Language Dataset/Transactional Filipino Sign Language Dataset/recorded_data/TWO/TWO_17.mp4,TWO,12,d01f462a4bfbf83d7f2487f2aff1ad7faae1379f925065ec786c51d5c53da84b,PASS,development,1,sha-0296-d01f462a4bfb
9e8ae67c47d9ccbb,Transactional Filipino Sign Language Dataset/Transactional Filipino Sign Language Dataset/recorded_data/TWO/TWO_18.mp4,TWO,12,5820e85fd52105306dc4ec5f75ea1f0d3673fd67a4f7e3bf1274476e9cc4a21b,PASS,development,0,sha-0128-5820e85fd521
f50ee3bcd2b90faa,Transactional Filipino Sign Language Dataset/Transactional Filipino Sign Language Dataset/recorded_data/TWO/TWO_19.mp4,TWO,12,57f01aa0875ede9ae8ee078c7c3be6ff47d82a917d0dd8684dc1945eaf9dfc6c,PASS,development,3,sha-0127-57f01aa0875e
65bff6da25ff6ee6,Transactional Filipino Sign Language Dataset/Transactional Filipino Sign Language Dataset/recorded_data/TWO/TWO_20.mp4,TWO,12,91fea45e1c16cc2f8dcada787757a4373fb7554fea5e2bca674a98ae2c7b0ef6,PASS,development,0,sha-0197-91fea45e1c16
d38ee00f2384e27f,Transactional Filipino Sign Language Dataset/Transactional Filipino Sign Language Dataset/recorded_data/TWO/TWO_21.mp4,TWO,12,97316729f6ad2892609a17081cfd775bcbf139d8c17338eddf280ec327cc89b8,PASS,development,3,sha-0208-97316729f6ad
2456eb52f0c8a759,Transactional Filipino Sign Language Dataset/Transactional Filipino Sign Language Dataset/recorded_data/TWO/TWO_23.mp4,TWO,12,ab86371d6141123e2b0a711936f44ddc269b3ba9566d522d97d021cb2dcc1acb,PASS,development,0,sha-0241-ab86371d6141
455cbe67cad4d429,Transactional Filipino Sign Language Dataset/Transactional Filipino Sign Language Dataset/recorded_data/TWO/TWO_24.mp4,TWO,12,d2361bc9a16567862877d97fe229ed832bc3585aac007245c2e9c4413d959576,PASS,development,0,sha-0299-d2361bc9a165
dc2499c67f96f842,Transactional Filipino Sign Language Dataset/Transactional Filipino Sign Language Dataset/recorded_data/TWO/TWO_25.mp4,TWO,12,42354d9d4888167b91a7bd454d0b618e7240c14c93c112e2e56033396e51e345,PASS,development,1,sha-0100-42354d9d4888
3088e58f90199fb9,Transactional Filipino Sign Language Dataset/Transactional Filipino Sign Language Dataset/recorded_data/TWO/TWO_26.mp4,TWO,12,7d3d8c756cd8fbaaa88cd778859f4fc67e47f0d1611c0ed2db3693c012022bdf,PASS,development,3,sha-0171-7d3d8c756cd8
456014c0ea65b635,Transactional Filipino Sign Language Dataset/Transactional Filipino Sign Language Dataset/recorded_data/TWO/TWO_31.mp4,TWO,12,88dfadd57e6c3a32cbb5e170e1c23de38eff240fc2833e406a65f40cfda78eb7,PASS,sealed_test,,sha-0180-88dfadd57e6c
9fad6aed9c9cd1cd,Transactional Filipino Sign Language Dataset/Transactional Filipino Sign Language Dataset/recorded_data/TWO/TWO_33.mp4,TWO,12,de754cd2a6cefc1847c071edeeb1c546a0fff987552b1c2127542b68226be9ff,PASS,development,2,sha-0318-de754cd2a6ce
3155c93632a92fba,Transactional Filipino Sign Language Dataset/Transactional Filipino Sign Language Dataset/recorded_data/TWO/TWO_34.mp4,TWO,12,38647d7d41c7da11579f3860aca5d4e3c7a362da9469f5dbb6fb6f7a00f1e202,PASS,sealed_test,,sha-0081-38647d7d41c7
9be928e1e81306c3,Transactional Filipino Sign Language Dataset/Transactional Filipino Sign Language Dataset/recorded_data/TWO/TWO_37.mp4,TWO,12,0d741f3323efc5affec7f13e0c58bf3638f2c0fdd1a87c8fe24f244797c0786f,PASS,development,1,sha-0020-0d741f3323ef
6e6e5d0fc491944b,Transactional Filipino Sign Language Dataset/Transactional Filipino Sign Language Dataset/recorded_data/TWO/TWO_39.mp4,TWO,12,60c8f9952cba0960de35fdf35a8697a1d206841bd03dd3ee81fb2f8a937d9f5b,PASS,development,0,sha-0139-60c8f9952cba
9afedb8937f03243,Transactional Filipino Sign Language Dataset/Transactional Filipino Sign Language Dataset/recorded_data/TWO/TWO_40.mp4,TWO,12,6bef34fced4ee1818b4d1bfc7347575b401972fe99f3400e8b555179e854bb2c,PASS,development,2,sha-0150-6bef34fced4e
1eea23060deda9f6,Transactional Filipino Sign Language Dataset/Transactional Filipino Sign Language Dataset/recorded_data/TWO/TWO_42.mp4,TWO,12,d9ea7e58db5ee01d7e0350135d2462bcb0cf90e7e82b9285062a013bedf1487d,PASS,development,1,sha-0313-d9ea7e58db5e
b85cbea152c03650,Transactional Filipino Sign Language Dataset/Transactional Filipino Sign Language Dataset/recorded_data/TWO/TWO_6.mp4,TWO,12,d5e26670d2dc566190c37ad4f0494132172a6bfde282f6b2c134b82f8dc686e4,PASS,development,2,sha-0305-d5e26670d2dc
58e33df62edd53d4,Transactional Filipino Sign Language Dataset/Transactional Filipino Sign Language Dataset/recorded_data/TWO/TWO_7.mp4,TWO,12,b128557920c197ffb98c03f0899a517bae087e0252efafbd513baf26bbd1a479,PASS,sealed_test,,sha-0251-b128557920c1
fb97150ae0b011c0,Transactional Filipino Sign Language Dataset/Transactional Filipino Sign Language Dataset/recorded_data/TWO/TWO_8.mp4,TWO,12,61ff58042a537b6b8455f2efde52816f64c28a355ae0a519b0b8c53b025f38b8,PASS,development,2,sha-0140-61ff58042a53
30785ffd87a7f440,Transactional Filipino Sign Language Dataset/Transactional Filipino Sign Language Dataset/recorded_data/TWO/TWO_9.mp4,TWO,12,588c0ccda690584e743c90ab974cce762cab78bec0fa5c4611b745b2b6fa49d3,PASS,development,3,sha-0129-588c0ccda690
3d3d5c060921d9f6,Transactional Filipino Sign Language Dataset/Transactional Filipino Sign Language Dataset/recorded_data/YES/YES_1.mp4,YES,13,334286043ea40736fa64d83491da31772d358590da13158e49848502361bc236,PASS,development,0,sha-0075-334286043ea4
149500f4c7eed7ad,Transactional Filipino Sign Language Dataset/Transactional Filipino Sign Language Dataset/recorded_data/YES/YES_10.mp4,YES,13,8f0b8acbc4fb39f30c3df324caa88fcb550aee0ed8a5c455b8b8506d578b734f,PASS,development,3,sha-0192-8f0b8acbc4fb
4a078739588f65a5,Transactional Filipino Sign Language Dataset/Transactional Filipino Sign Language Dataset/recorded_data/YES/YES_11.mp4,YES,13,d5ebb9ec6f0b1b906166baf9cb21e7a0bf48725c00099804083faa0ab84ffd91,PASS,development,1,sha-0306-d5ebb9ec6f0b
c99d1f2068f7a9b5,Transactional Filipino Sign Language Dataset/Transactional Filipino Sign Language Dataset/recorded_data/YES/YES_12.mp4,YES,13,2553483e207971640afea71448b724d781a06d896cd7e820bac98716417f7c73,PASS,development,3,sha-0048-2553483e2079
2083cf9e01330c64,Transactional Filipino Sign Language Dataset/Transactional Filipino Sign Language Dataset/recorded_data/YES/YES_13.mp4,YES,13,278b4f04e93203b208ad5b2e69cff9e129272ef6866d1d174672c3876468fa8d,PASS,development,0,sha-0055-278b4f04e932
4ebb81ee0eba3583,Transactional Filipino Sign Language Dataset/Transactional Filipino Sign Language Dataset/recorded_data/YES/YES_15.mp4,YES,13,4ee7f2e14343be0943af28012f80be7ff80d6898fb55bb850a6f0af226e6e1bb,PASS,development,1,sha-0116-4ee7f2e14343
e4257613e0b4e59a,Transactional Filipino Sign Language Dataset/Transactional Filipino Sign Language Dataset/recorded_data/YES/YES_16.mp4,YES,13,960fb1cf300e4a3620d7ea1ee271623b1bef5f1cc71920ae2cf974cba4eac79d,PASS,development,0,sha-0205-960fb1cf300e
b699378492239605,Transactional Filipino Sign Language Dataset/Transactional Filipino Sign Language Dataset/recorded_data/YES/YES_17.mp4,YES,13,3990b164a7185f746d465b3a6e1b989b669445feba01b9c1fd8b09278b8d53a5,PASS,development,2,sha-0085-3990b164a718
e9d29e8c1489a156,Transactional Filipino Sign Language Dataset/Transactional Filipino Sign Language Dataset/recorded_data/YES/YES_18.mp4,YES,13,e8c437c9e3b258f27485494d85983721eb20ab7b62f2627b2496dc8338d27312,PASS,development,0,sha-0334-e8c437c9e3b2
e378ae8ccfb4eb39,Transactional Filipino Sign Language Dataset/Transactional Filipino Sign Language Dataset/recorded_data/YES/YES_2.mp4,YES,13,4b31fa6ec477524473b7b945336db5c5ed005a5ea6b24390b7653332c2dfc12d,PASS,development,3,sha-0111-4b31fa6ec477
156ae91ff3e5ba3b,Transactional Filipino Sign Language Dataset/Transactional Filipino Sign Language Dataset/recorded_data/YES/YES_20.mp4,YES,13,2639a3af6e8f3c31b39dfa2b6e4844010317b1a09829db176877447524d1cef0,PASS,development,0,sha-0052-2639a3af6e8f
466f27bb22a6cd5e,Transactional Filipino Sign Language Dataset/Transactional Filipino Sign Language Dataset/recorded_data/YES/YES_21.mp4,YES,13,f511a50bc4dab23f8be5de95ae5ca858aa51442189e87f5ea24efc3546187fe5,PASS,development,2,sha-0355-f511a50bc4da
2c7f77596f74e43b,Transactional Filipino Sign Language Dataset/Transactional Filipino Sign Language Dataset/recorded_data/YES/YES_22.mp4,YES,13,09f86d3fc4a9ab87ae14f13dc4976cb9b36dc4af5c25d4e2435b64e0f36e7ad8,PASS,development,2,sha-0011-09f86d3fc4a9
dee6fd70e27f85d2,Transactional Filipino Sign Language Dataset/Transactional Filipino Sign Language Dataset/recorded_data/YES/YES_25.mp4,YES,13,a3d65c01bf2d13baa22ab19339bee07528e7a938c5034a8ce88b16674681e8c0,PASS,development,3,sha-0229-a3d65c01bf2d
0a7d7e07df949f89,Transactional Filipino Sign Language Dataset/Transactional Filipino Sign Language Dataset/recorded_data/YES/YES_26.mp4,YES,13,34d5340ff83d7db069518b4e3c57b876626b6b960a46734f139a0e483e83666f,PASS,development,0,sha-0077-34d5340ff83d
e5414dc5def01997,Transactional Filipino Sign Language Dataset/Transactional Filipino Sign Language Dataset/recorded_data/YES/YES_29.mp4,YES,13,c5de64f3fdecabb978324567f4bf07b4d6894eb8f97fdfe3261c643ca9cec19d,PASS,sealed_test,,sha-0282-c5de64f3fdec
d1d9756e717b82a8,Transactional Filipino Sign Language Dataset/Transactional Filipino Sign Language Dataset/recorded_data/YES/YES_3.mp4,YES,13,88f1ed4dfb89278835e1a3d448105f5067e860e3cf168dc8865ffb6803e6a62b,PASS,sealed_test,,sha-0181-88f1ed4dfb89
6e79df37dbe0f146,Transactional Filipino Sign Language Dataset/Transactional Filipino Sign Language Dataset/recorded_data/YES/YES_30.mp4,YES,13,e3e9c6f306277a5bcaf62fbd8d1b0bc3816c46c78f7ee13ad291824fac70bff7,PASS,development,3,sha-0326-e3e9c6f30627
2bd5d149990e0806,Transactional Filipino Sign Language Dataset/Transactional Filipino Sign Language Dataset/recorded_data/YES/YES_33.mp4,YES,13,abca9c397eebd2309987cec1bcf8dcb019132e439813c7016ace46611e844ce4,PASS,development,1,sha-0243-abca9c397eeb
abf2577078e05cc5,Transactional Filipino Sign Language Dataset/Transactional Filipino Sign Language Dataset/recorded_data/YES/YES_37.mp4,YES,13,abfcabb907d2d65384bff866970c3369fc797dfb32f5f2d8524c3c2b7dd9e670,PASS,development,2,sha-0244-abfcabb907d2
1b2af7085110e252,Transactional Filipino Sign Language Dataset/Transactional Filipino Sign Language Dataset/recorded_data/YES/YES_38.mp4,YES,13,18d3b60a0b33482b1af6e35b4e666c4bb49eb528592aba5266d4e0ae49429b9b,PASS,development,1,sha-0030-18d3b60a0b33
6c903758982fe7a1,Transactional Filipino Sign Language Dataset/Transactional Filipino Sign Language Dataset/recorded_data/YES/YES_4.mp4,YES,13,256e0e166d26a0adfe6899886f28ad3ed63dfef06b9c4c6b802a390096792f9e,PASS,sealed_test,,sha-0049-256e0e166d26
d4d3d16cf213a85e,Transactional Filipino Sign Language Dataset/Transactional Filipino Sign Language Dataset/recorded_data/YES/YES_40.mp4,YES,13,66b7c2a3eeb80d8c8d40cdadc8cda8a793b96049b8ce12fa9115ff81fb5f0bce,PASS,development,1,sha-0145-66b7c2a3eeb8
de111a30bf1d2524,Transactional Filipino Sign Language Dataset/Transactional Filipino Sign Language Dataset/recorded_data/YES/YES_7.mp4,YES,13,cbb2a67ea3ff79ef48c5449b7e024fce13072c9ff9afb74f39175f2aca8907b6,PASS,development,1,sha-0290-cbb2a67ea3ff
e93b4dedfb721faa,Transactional Filipino Sign Language Dataset/Transactional Filipino Sign Language Dataset/recorded_data/YES/YES_8.mp4,YES,13,b31871a60cdf02e9b4ba87a0e7603edd6b011ec4d01d511286af957092474533,PASS,development,2,sha-0252-b31871a60cdf
5c3287f23b1f49dc,Transactional Filipino Sign Language Dataset/Transactional Filipino Sign Language Dataset/recorded_data/YES/YES_9.mp4,YES,13,9b180d2f1af4adbb4f62cd9c14ca486959263ee7a22aba90ac796f3c81d39c93,PASS,sealed_test,,sha-0213-9b180d2f1af4
