label,signer,batch,file,status,shape,error
EAT,ANASTACIA,DIRECT,C:\BSIT 3RD YEAR\New VovGest\external_datasets\fullsign225_manual5_team_features_v2\EAT\ANASTACIA_DIRECT_EAT_001_A33EA1BF.npy,ok,"(30, 225)",
EAT,ANASTACIA,DIRECT,C:\BSIT 3RD YEAR\New VovGest\external_datasets\fullsign225_manual5_team_features_v2\EAT\ANASTACIA_DIRECT_EAT_002_BBA15904.npy,ok,"(30, 225)",
EAT,ANASTACIA,DIRECT,C:\BSIT 3RD YEAR\New VovGest\external_datasets\fullsign225_manual5_team_features_v2\EAT\ANASTACIA_DIRECT_EAT_003_CAB33821.npy,ok,"(30, 225)",
EAT,ANASTACIA,DIRECT,C:\BSIT 3RD YEAR\New VovGest\external_datasets\fullsign225_manual5_team_features_v2\EAT\ANASTACIA_DIRECT_EAT_004_6512918D.npy,ok,"(30, 225)",
EAT,ANASTACIA,DIRECT,C:\BSIT 3RD YEAR\New VovGest\external_datasets\fullsign225_manual5_team_features_v2\EAT\ANASTACIA_DIRECT_EAT_005_395C09F2.npy,ok,"(30, 225)",
EAT,ANASTACIA,DIRECT,C:\BSIT 3RD YEAR\New VovGest\external_datasets\fullsign225_manual5_team_features_v2\EAT\ANASTACIA_DIRECT_EAT_006_C142EB97.npy,ok,"(30, 225)",
EAT,ANASTACIA,DIRECT,C:\BSIT 3RD YEAR\New VovGest\external_datasets\fullsign225_manual5_team_features_v2\EAT\ANASTACIA_DIRECT_EAT_007_CD742E49.npy,ok,"(30, 225)",
EAT,ANASTACIA,DIRECT,C:\BSIT 3RD YEAR\New VovGest\external_datasets\fullsign225_manual5_team_features_v2\EAT\ANASTACIA_DIRECT_EAT_008_754660CF.npy,ok,"(30, 225)",
EAT,ANASTACIA,DIRECT,C:\BSIT 3RD YEAR\New VovGest\external_datasets\fullsign225_manual5_team_features_v2\EAT\ANASTACIA_DIRECT_EAT_009_998AB89D.npy,ok,"(30, 225)",
EAT,ANASTACIA,DIRECT,C:\BSIT 3RD YEAR\New VovGest\external_datasets\fullsign225_manual5_team_features_v2\EAT\ANASTACIA_DIRECT_EAT_010_857E7965.npy,ok,"(30, 225)",
EAT,ANASTACIA,DIRECT,C:\BSIT 3RD YEAR\New VovGest\external_datasets\fullsign225_manual5_team_features_v2\EAT\ANASTACIA_DIRECT_EAT_011_BC2F40B2.npy,ok,"(30, 225)",
EAT,ANASTACIA,DIRECT,C:\BSIT 3RD YEAR\New VovGest\external_datasets\fullsign225_manual5_team_features_v2\EAT\ANASTACIA_DIRECT_EAT_012_E174D167.npy,ok,"(30, 225)",
EAT,ANASTACIA,DIRECT,C:\BSIT 3RD YEAR\New VovGest\external_datasets\fullsign225_manual5_team_features_v2\EAT\ANASTACIA_DIRECT_EAT_013_4BB422ED.npy,ok,"(30, 225)",
EAT,ANASTACIA,DIRECT,C:\BSIT 3RD YEAR\New VovGest\external_datasets\fullsign225_manual5_team_features_v2\EAT\ANASTACIA_DIRECT_EAT_014_94A018E2.npy,ok,"(30, 225)",
EAT,ANASTACIA,DIRECT,C:\BSIT 3RD YEAR\New VovGest\external_datasets\fullsign225_manual5_team_features_v2\EAT\ANASTACIA_DIRECT_EAT_015_B07ADDC4.npy,ok,"(30, 225)",
EAT,ANASTACIA,DIRECT,C:\BSIT 3RD YEAR\New VovGest\external_datasets\fullsign225_manual5_team_features_v2\EAT\ANASTACIA_DIRECT_EAT_016_04A599B4.npy,ok,"(30, 225)",
EAT,ANASTACIA,DIRECT,C:\BSIT 3RD YEAR\New VovGest\external_datasets\fullsign225_manual5_team_features_v2\EAT\ANASTACIA_DIRECT_EAT_017_4569A3F3.npy,ok,"(30, 225)",
EAT,ANASTACIA,DIRECT,C:\BSIT 3RD YEAR\New VovGest\external_datasets\fullsign225_manual5_team_features_v2\EAT\ANASTACIA_DIRECT_EAT_018_5C611AC6.npy,ok,"(30, 225)",
EAT,ANASTACIA,DIRECT,C:\BSIT 3RD YEAR\New VovGest\external_datasets\fullsign225_manual5_team_features_v2\EAT\ANASTACIA_DIRECT_EAT_019_BE198B35.npy,ok,"(30, 225)",
EAT,ANASTACIA,DIRECT,C:\BSIT 3RD YEAR\New VovGest\external_datasets\fullsign225_manual5_team_features_v2\EAT\ANASTACIA_DIRECT_EAT_020_700060E6.npy,ok,"(30, 225)",
EAT,ANASTACIA,DIRECT,C:\BSIT 3RD YEAR\New VovGest\external_datasets\fullsign225_manual5_team_features_v2\EAT\ANASTACIA_DIRECT_EAT_021_A149BAB1.npy,ok,"(30, 225)",
EAT,ANASTACIA,DIRECT,C:\BSIT 3RD YEAR\New VovGest\external_datasets\fullsign225_manual5_team_features_v2\EAT\ANASTACIA_DIRECT_EAT_022_264F726D.npy,ok,"(30, 225)",
EAT,ANASTACIA,DIRECT,C:\BSIT 3RD YEAR\New VovGest\external_datasets\fullsign225_manual5_team_features_v2\EAT\ANASTACIA_DIRECT_EAT_023_7AB02ECA.npy,ok,"(30, 225)",
EAT,ANASTACIA,DIRECT,C:\BSIT 3RD YEAR\New VovGest\external_datasets\fullsign225_manual5_team_features_v2\EAT\ANASTACIA_DIRECT_EAT_024_C682A82A.npy,ok,"(30, 225)",
EAT,ANASTACIA,DIRECT,C:\BSIT 3RD YEAR\New VovGest\external_datasets\fullsign225_manual5_team_features_v2\EAT\ANASTACIA_DIRECT_EAT_025_7AC3F3B9.npy,ok,"(30, 225)",
EAT,ANASTACIA,DIRECT,C:\BSIT 3RD YEAR\New VovGest\external_datasets\fullsign225_manual5_team_features_v2\EAT\ANASTACIA_DIRECT_EAT_026_B72CE8B2.npy,ok,"(30, 225)",
EAT,ANASTACIA,DIRECT,C:\BSIT 3RD YEAR\New VovGest\external_datasets\fullsign225_manual5_team_features_v2\EAT\ANASTACIA_DIRECT_EAT_027_22779C98.npy,ok,"(30, 225)",
EAT,ANASTACIA,DIRECT,C:\BSIT 3RD YEAR\New VovGest\external_datasets\fullsign225_manual5_team_features_v2\EAT\ANASTACIA_DIRECT_EAT_028_6EC6CCBF.npy,ok,"(30, 225)",
EAT,ANASTACIA,DIRECT,C:\BSIT 3RD YEAR\New VovGest\external_datasets\fullsign225_manual5_team_features_v2\EAT\ANASTACIA_DIRECT_EAT_029_A5187EE1.npy,ok,"(30, 225)",
EAT,ANASTACIA,DIRECT,C:\BSIT 3RD YEAR\New VovGest\external_datasets\fullsign225_manual5_team_features_v2\EAT\ANASTACIA_DIRECT_EAT_030_92A2CD4D.npy,ok,"(30, 225)",
EAT,ANASTACIA,DIRECT,C:\BSIT 3RD YEAR\New VovGest\external_datasets\fullsign225_manual5_team_features_v2\EAT\ANASTACIA_DIRECT_EAT_031_CFCD240C.npy,ok,"(30, 225)",
EAT,EARLE,DIRECT,C:\BSIT 3RD YEAR\New VovGest\external_datasets\fullsign225_manual5_team_features_v2\EAT\EARLE_DIRECT_EAT_032_5C05E084.npy,ok,"(30, 225)",
EAT,MARIELLA,DIRECT,C:\BSIT 3RD YEAR\New VovGest\external_datasets\fullsign225_manual5_team_features_v2\EAT\MARIELLA_DIRECT_EAT_033_6579695F.npy,ok,"(30, 225)",
EAT,MARIELLA,DIRECT,C:\BSIT 3RD YEAR\New VovGest\external_datasets\fullsign225_manual5_team_features_v2\EAT\MARIELLA_DIRECT_EAT_034_9F8490B4.npy,ok,"(30, 225)",
EAT,MARIELLA,DIRECT,C:\BSIT 3RD YEAR\New VovGest\external_datasets\fullsign225_manual5_team_features_v2\EAT\MARIELLA_DIRECT_EAT_035_79D2C9B7.npy,ok,"(30, 225)",
EAT,MARIELLA,DIRECT,C:\BSIT 3RD YEAR\New VovGest\external_datasets\fullsign225_manual5_team_features_v2\EAT\MARIELLA_DIRECT_EAT_036_878F7528.npy,ok,"(30, 225)",
EAT,MARIELLA,DIRECT,C:\BSIT 3RD YEAR\New VovGest\external_datasets\fullsign225_manual5_team_features_v2\EAT\MARIELLA_DIRECT_EAT_037_3908C282.npy,ok,"(30, 225)",
EAT,MARIELLA,DIRECT,C:\BSIT 3RD YEAR\New VovGest\external_datasets\fullsign225_manual5_team_features_v2\EAT\MARIELLA_DIRECT_EAT_038_81CCD24B.npy,ok,"(30, 225)",
EAT,MARIELLA,DIRECT,C:\BSIT 3RD YEAR\New VovGest\external_datasets\fullsign225_manual5_team_features_v2\EAT\MARIELLA_DIRECT_EAT_039_50323849.npy,ok,"(30, 225)",
EAT,MARIELLA,DIRECT,C:\BSIT 3RD YEAR\New VovGest\external_datasets\fullsign225_manual5_team_features_v2\EAT\MARIELLA_DIRECT_EAT_040_3B6E89D1.npy,ok,"(30, 225)",
EAT,MARIELLA,DIRECT,C:\BSIT 3RD YEAR\New VovGest\external_datasets\fullsign225_manual5_team_features_v2\EAT\MARIELLA_DIRECT_EAT_041_70EC1974.npy,ok,"(30, 225)",
EAT,MARIELLA,DIRECT,C:\BSIT 3RD YEAR\New VovGest\external_datasets\fullsign225_manual5_team_features_v2\EAT\MARIELLA_DIRECT_EAT_042_EE025BD2.npy,ok,"(30, 225)",
EAT,MARIELLA,DIRECT,C:\BSIT 3RD YEAR\New VovGest\external_datasets\fullsign225_manual5_team_features_v2\EAT\MARIELLA_DIRECT_EAT_043_93A8B4AF.npy,ok,"(30, 225)",
EAT,MARIELLA,DIRECT,C:\BSIT 3RD YEAR\New VovGest\external_datasets\fullsign225_manual5_team_features_v2\EAT\MARIELLA_DIRECT_EAT_044_0CA1FB13.npy,ok,"(30, 225)",
EAT,MARIELLA,DIRECT,C:\BSIT 3RD YEAR\New VovGest\external_datasets\fullsign225_manual5_team_features_v2\EAT\MARIELLA_DIRECT_EAT_045_0966F8DF.npy,ok,"(30, 225)",
EAT,MARIELLA,DIRECT,C:\BSIT 3RD YEAR\New VovGest\external_datasets\fullsign225_manual5_team_features_v2\EAT\MARIELLA_DIRECT_EAT_046_AAD53CF8.npy,ok,"(30, 225)",
EAT,MARIELLA,DIRECT,C:\BSIT 3RD YEAR\New VovGest\external_datasets\fullsign225_manual5_team_features_v2\EAT\MARIELLA_DIRECT_EAT_047_D42FE625.npy,ok,"(30, 225)",
EAT,MARIELLA,DIRECT,C:\BSIT 3RD YEAR\New VovGest\external_datasets\fullsign225_manual5_team_features_v2\EAT\MARIELLA_DIRECT_EAT_048_B11A9BCF.npy,ok,"(30, 225)",
EAT,MARIELLA,DIRECT,C:\BSIT 3RD YEAR\New VovGest\external_datasets\fullsign225_manual5_team_features_v2\EAT\MARIELLA_DIRECT_EAT_049_8317CE63.npy,ok,"(30, 225)",
EAT,MARIELLA,DIRECT,C:\BSIT 3RD YEAR\New VovGest\external_datasets\fullsign225_manual5_team_features_v2\EAT\MARIELLA_DIRECT_EAT_050_D4F2C833.npy,ok,"(30, 225)",
EAT,MARIELLA,DIRECT,C:\BSIT 3RD YEAR\New VovGest\external_datasets\fullsign225_manual5_team_features_v2\EAT\MARIELLA_DIRECT_EAT_051_42A5396A.npy,ok,"(30, 225)",
EAT,MARIELLA,DIRECT,C:\BSIT 3RD YEAR\New VovGest\external_datasets\fullsign225_manual5_team_features_v2\EAT\MARIELLA_DIRECT_EAT_052_585DF38A.npy,ok,"(30, 225)",
EAT,MARIELLA,DIRECT,C:\BSIT 3RD YEAR\New VovGest\external_datasets\fullsign225_manual5_team_features_v2\EAT\MARIELLA_DIRECT_EAT_053_EA1C7450.npy,ok,"(30, 225)",
EAT,MARIELLA,DIRECT,C:\BSIT 3RD YEAR\New VovGest\external_datasets\fullsign225_manual5_team_features_v2\EAT\MARIELLA_DIRECT_EAT_054_9D8031B5.npy,ok,"(30, 225)",
EAT,MARIELLA,DIRECT,C:\BSIT 3RD YEAR\New VovGest\external_datasets\fullsign225_manual5_team_features_v2\EAT\MARIELLA_DIRECT_EAT_055_2D34F570.npy,ok,"(30, 225)",
EAT,MARIELLA,DIRECT,C:\BSIT 3RD YEAR\New VovGest\external_datasets\fullsign225_manual5_team_features_v2\EAT\MARIELLA_DIRECT_EAT_056_08025A36.npy,ok,"(30, 225)",
EAT,MARIELLA,DIRECT,C:\BSIT 3RD YEAR\New VovGest\external_datasets\fullsign225_manual5_team_features_v2\EAT\MARIELLA_DIRECT_EAT_057_C691BE47.npy,ok,"(30, 225)",
EAT,MARIELLA,DIRECT,C:\BSIT 3RD YEAR\New VovGest\external_datasets\fullsign225_manual5_team_features_v2\EAT\MARIELLA_DIRECT_EAT_058_25A13BE7.npy,ok,"(30, 225)",
EAT,MARIELLA,DIRECT,C:\BSIT 3RD YEAR\New VovGest\external_datasets\fullsign225_manual5_team_features_v2\EAT\MARIELLA_DIRECT_EAT_059_0AC861BF.npy,ok,"(30, 225)",
EAT,MARIELLA,DIRECT,C:\BSIT 3RD YEAR\New VovGest\external_datasets\fullsign225_manual5_team_features_v2\EAT\MARIELLA_DIRECT_EAT_060_17B94C9E.npy,ok,"(30, 225)",
EAT,MARIELLA,DIRECT,C:\BSIT 3RD YEAR\New VovGest\external_datasets\fullsign225_manual5_team_features_v2\EAT\MARIELLA_DIRECT_EAT_061_92CB8783.npy,ok,"(30, 225)",
EAT,MARIELLA,DIRECT,C:\BSIT 3RD YEAR\New VovGest\external_datasets\fullsign225_manual5_team_features_v2\EAT\MARIELLA_DIRECT_EAT_062_C0F77AE2.npy,ok,"(30, 225)",
EAT,MARIELLA,DIRECT,C:\BSIT 3RD YEAR\New VovGest\external_datasets\fullsign225_manual5_team_features_v2\EAT\MARIELLA_DIRECT_EAT_063_30C9A68B.npy,ok,"(30, 225)",
EAT,MARIELLA,DIRECT,C:\BSIT 3RD YEAR\New VovGest\external_datasets\fullsign225_manual5_team_features_v2\EAT\MARIELLA_DIRECT_EAT_064_D05A4BDA.npy,ok,"(30, 225)",
EAT,MARIELLA,DIRECT,C:\BSIT 3RD YEAR\New VovGest\external_datasets\fullsign225_manual5_team_features_v2\EAT\MARIELLA_DIRECT_EAT_065_E198EA74.npy,ok,"(30, 225)",
EAT,MARIELLA,DIRECT,C:\BSIT 3RD YEAR\New VovGest\external_datasets\fullsign225_manual5_team_features_v2\EAT\MARIELLA_DIRECT_EAT_066_D87E2F35.npy,ok,"(30, 225)",
EAT,MARIELLA,DIRECT,C:\BSIT 3RD YEAR\New VovGest\external_datasets\fullsign225_manual5_team_features_v2\EAT\MARIELLA_DIRECT_EAT_067_AAEF1ABE.npy,ok,"(30, 225)",
EAT,MARIELLA,DIRECT,C:\BSIT 3RD YEAR\New VovGest\external_datasets\fullsign225_manual5_team_features_v2\EAT\MARIELLA_DIRECT_EAT_068_ADBD13B8.npy,ok,"(30, 225)",
EAT,MARIELLA,DIRECT,C:\BSIT 3RD YEAR\New VovGest\external_datasets\fullsign225_manual5_team_features_v2\EAT\MARIELLA_DIRECT_EAT_069_F099210C.npy,ok,"(30, 225)",
EAT,MARIELLA,DIRECT,C:\BSIT 3RD YEAR\New VovGest\external_datasets\fullsign225_manual5_team_features_v2\EAT\MARIELLA_DIRECT_EAT_070_A88F34D1.npy,ok,"(30, 225)",
EAT,MARIELLA,DIRECT,C:\BSIT 3RD YEAR\New VovGest\external_datasets\fullsign225_manual5_team_features_v2\EAT\MARIELLA_DIRECT_EAT_071_17406C17.npy,ok,"(30, 225)",
EAT,MARIELLA,DIRECT,C:\BSIT 3RD YEAR\New VovGest\external_datasets\fullsign225_manual5_team_features_v2\EAT\MARIELLA_DIRECT_EAT_072_AB31BFE9.npy,ok,"(30, 225)",
EAT,MARIELLA,DIRECT,C:\BSIT 3RD YEAR\New VovGest\external_datasets\fullsign225_manual5_team_features_v2\EAT\MARIELLA_DIRECT_EAT_073_1F1BC02A.npy,ok,"(30, 225)",
WATER,ANASTACIA,DIRECT,C:\BSIT 3RD YEAR\New VovGest\external_datasets\fullsign225_manual5_team_features_v2\WATER\ANASTACIA_DIRECT_WATER_001_288BD919.npy,ok,"(30, 225)",
WATER,ANASTACIA,DIRECT,C:\BSIT 3RD YEAR\New VovGest\external_datasets\fullsign225_manual5_team_features_v2\WATER\ANASTACIA_DIRECT_WATER_002_7AE16160.npy,ok,"(30, 225)",
WATER,ANASTACIA,DIRECT,C:\BSIT 3RD YEAR\New VovGest\external_datasets\fullsign225_manual5_team_features_v2\WATER\ANASTACIA_DIRECT_WATER_003_9FD3FED1.npy,ok,"(30, 225)",
WATER,ANASTACIA,DIRECT,C:\BSIT 3RD YEAR\New VovGest\external_datasets\fullsign225_manual5_team_features_v2\WATER\ANASTACIA_DIRECT_WATER_004_405513AF.npy,ok,"(30, 225)",
WATER,ANASTACIA,DIRECT,C:\BSIT 3RD YEAR\New VovGest\external_datasets\fullsign225_manual5_team_features_v2\WATER\ANASTACIA_DIRECT_WATER_005_E99C2AFC.npy,ok,"(30, 225)",
WATER,ANASTACIA,DIRECT,C:\BSIT 3RD YEAR\New VovGest\external_datasets\fullsign225_manual5_team_features_v2\WATER\ANASTACIA_DIRECT_WATER_006_7CE9DD53.npy,ok,"(30, 225)",
WATER,ANASTACIA,DIRECT,C:\BSIT 3RD YEAR\New VovGest\external_datasets\fullsign225_manual5_team_features_v2\WATER\ANASTACIA_DIRECT_WATER_007_95200EDB.npy,ok,"(30, 225)",
WATER,ANASTACIA,DIRECT,C:\BSIT 3RD YEAR\New VovGest\external_datasets\fullsign225_manual5_team_features_v2\WATER\ANASTACIA_DIRECT_WATER_008_3A627667.npy,ok,"(30, 225)",
WATER,ANASTACIA,DIRECT,C:\BSIT 3RD YEAR\New VovGest\external_datasets\fullsign225_manual5_team_features_v2\WATER\ANASTACIA_DIRECT_WATER_009_C67D2D87.npy,ok,"(30, 225)",
WATER,ANASTACIA,DIRECT,C:\BSIT 3RD YEAR\New VovGest\external_datasets\fullsign225_manual5_team_features_v2\WATER\ANASTACIA_DIRECT_WATER_010_ADC0A4A0.npy,ok,"(30, 225)",
WATER,ANASTACIA,DIRECT,C:\BSIT 3RD YEAR\New VovGest\external_datasets\fullsign225_manual5_team_features_v2\WATER\ANASTACIA_DIRECT_WATER_011_A5471B7A.npy,ok,"(30, 225)",
WATER,ANASTACIA,DIRECT,C:\BSIT 3RD YEAR\New VovGest\external_datasets\fullsign225_manual5_team_features_v2\WATER\ANASTACIA_DIRECT_WATER_012_EFB39897.npy,ok,"(30, 225)",
WATER,ANASTACIA,DIRECT,C:\BSIT 3RD YEAR\New VovGest\external_datasets\fullsign225_manual5_team_features_v2\WATER\ANASTACIA_DIRECT_WATER_013_342E583D.npy,ok,"(30, 225)",
WATER,ANASTACIA,DIRECT,C:\BSIT 3RD YEAR\New VovGest\external_datasets\fullsign225_manual5_team_features_v2\WATER\ANASTACIA_DIRECT_WATER_014_BFF519DE.npy,ok,"(30, 225)",
WATER,ANASTACIA,DIRECT,C:\BSIT 3RD YEAR\New VovGest\external_datasets\fullsign225_manual5_team_features_v2\WATER\ANASTACIA_DIRECT_WATER_015_873A3442.npy,ok,"(30, 225)",
WATER,ANASTACIA,DIRECT,C:\BSIT 3RD YEAR\New VovGest\external_datasets\fullsign225_manual5_team_features_v2\WATER\ANASTACIA_DIRECT_WATER_016_A1212C71.npy,ok,"(30, 225)",
WATER,ANASTACIA,DIRECT,C:\BSIT 3RD YEAR\New VovGest\external_datasets\fullsign225_manual5_team_features_v2\WATER\ANASTACIA_DIRECT_WATER_017_C54154F4.npy,ok,"(30, 225)",
WATER,ANASTACIA,DIRECT,C:\BSIT 3RD YEAR\New VovGest\external_datasets\fullsign225_manual5_team_features_v2\WATER\ANASTACIA_DIRECT_WATER_018_363A4A06.npy,ok,"(30, 225)",
WATER,ANASTACIA,DIRECT,C:\BSIT 3RD YEAR\New VovGest\external_datasets\fullsign225_manual5_team_features_v2\WATER\ANASTACIA_DIRECT_WATER_019_DF5F5710.npy,ok,"(30, 225)",
WATER,ANASTACIA,DIRECT,C:\BSIT 3RD YEAR\New VovGest\external_datasets\fullsign225_manual5_team_features_v2\WATER\ANASTACIA_DIRECT_WATER_020_25A54727.npy,ok,"(30, 225)",
WATER,ANASTACIA,DIRECT,C:\BSIT 3RD YEAR\New VovGest\external_datasets\fullsign225_manual5_team_features_v2\WATER\ANASTACIA_DIRECT_WATER_021_FDFD1403.npy,ok,"(30, 225)",
WATER,ANASTACIA,DIRECT,C:\BSIT 3RD YEAR\New VovGest\external_datasets\fullsign225_manual5_team_features_v2\WATER\ANASTACIA_DIRECT_WATER_022_EC2019D5.npy,ok,"(30, 225)",
WATER,ANASTACIA,DIRECT,C:\BSIT 3RD YEAR\New VovGest\external_datasets\fullsign225_manual5_team_features_v2\WATER\ANASTACIA_DIRECT_WATER_023_AF915D92.npy,ok,"(30, 225)",
WATER,ANASTACIA,DIRECT,C:\BSIT 3RD YEAR\New VovGest\external_datasets\fullsign225_manual5_team_features_v2\WATER\ANASTACIA_DIRECT_WATER_024_7C11E21C.npy,ok,"(30, 225)",
WATER,ANASTACIA,DIRECT,C:\BSIT 3RD YEAR\New VovGest\external_datasets\fullsign225_manual5_team_features_v2\WATER\ANASTACIA_DIRECT_WATER_025_039B60BE.npy,ok,"(30, 225)",
WATER,ANASTACIA,DIRECT,C:\BSIT 3RD YEAR\New VovGest\external_datasets\fullsign225_manual5_team_features_v2\WATER\ANASTACIA_DIRECT_WATER_026_2C50F505.npy,ok,"(30, 225)",
WATER,ANASTACIA,DIRECT,C:\BSIT 3RD YEAR\New VovGest\external_datasets\fullsign225_manual5_team_features_v2\WATER\ANASTACIA_DIRECT_WATER_027_77429725.npy,ok,"(30, 225)",
WATER,ANASTACIA,DIRECT,C:\BSIT 3RD YEAR\New VovGest\external_datasets\fullsign225_manual5_team_features_v2\WATER\ANASTACIA_DIRECT_WATER_028_1A776071.npy,ok,"(30, 225)",
WATER,ANASTACIA,DIRECT,C:\BSIT 3RD YEAR\New VovGest\external_datasets\fullsign225_manual5_team_features_v2\WATER\ANASTACIA_DIRECT_WATER_029_8411990A.npy,ok,"(30, 225)",
WATER,ANASTACIA,DIRECT,C:\BSIT 3RD YEAR\New VovGest\external_datasets\fullsign225_manual5_team_features_v2\WATER\ANASTACIA_DIRECT_WATER_030_E5A40792.npy,ok,"(30, 225)",
WATER,MARIELLA,DIRECT,C:\BSIT 3RD YEAR\New VovGest\external_datasets\fullsign225_manual5_team_features_v2\WATER\MARIELLA_DIRECT_WATER_031_EC6DA3C6.npy,ok,"(30, 225)",
WATER,MARIELLA,DIRECT,C:\BSIT 3RD YEAR\New VovGest\external_datasets\fullsign225_manual5_team_features_v2\WATER\MARIELLA_DIRECT_WATER_032_A084E0BF.npy,ok,"(30, 225)",
WATER,MARIELLA,DIRECT,C:\BSIT 3RD YEAR\New VovGest\external_datasets\fullsign225_manual5_team_features_v2\WATER\MARIELLA_DIRECT_WATER_033_FF934368.npy,ok,"(30, 225)",
WATER,MARIELLA,DIRECT,C:\BSIT 3RD YEAR\New VovGest\external_datasets\fullsign225_manual5_team_features_v2\WATER\MARIELLA_DIRECT_WATER_034_8732922C.npy,ok,"(30, 225)",
WATER,MARIELLA,DIRECT,C:\BSIT 3RD YEAR\New VovGest\external_datasets\fullsign225_manual5_team_features_v2\WATER\MARIELLA_DIRECT_WATER_035_72EF6293.npy,ok,"(30, 225)",
WATER,MARIELLA,DIRECT,C:\BSIT 3RD YEAR\New VovGest\external_datasets\fullsign225_manual5_team_features_v2\WATER\MARIELLA_DIRECT_WATER_036_D22E0759.npy,ok,"(30, 225)",
WATER,MARIELLA,DIRECT,C:\BSIT 3RD YEAR\New VovGest\external_datasets\fullsign225_manual5_team_features_v2\WATER\MARIELLA_DIRECT_WATER_037_FCF4AAB5.npy,ok,"(30, 225)",
WATER,MARIELLA,DIRECT,C:\BSIT 3RD YEAR\New VovGest\external_datasets\fullsign225_manual5_team_features_v2\WATER\MARIELLA_DIRECT_WATER_038_EC371BA2.npy,ok,"(30, 225)",
WATER,MARIELLA,DIRECT,C:\BSIT 3RD YEAR\New VovGest\external_datasets\fullsign225_manual5_team_features_v2\WATER\MARIELLA_DIRECT_WATER_039_A6640CB0.npy,ok,"(30, 225)",
WATER,MARIELLA,DIRECT,C:\BSIT 3RD YEAR\New VovGest\external_datasets\fullsign225_manual5_team_features_v2\WATER\MARIELLA_DIRECT_WATER_040_E507D6DC.npy,ok,"(30, 225)",
WATER,MARIELLA,DIRECT,C:\BSIT 3RD YEAR\New VovGest\external_datasets\fullsign225_manual5_team_features_v2\WATER\MARIELLA_DIRECT_WATER_041_C2BF0B06.npy,ok,"(30, 225)",
WATER,MARIELLA,DIRECT,C:\BSIT 3RD YEAR\New VovGest\external_datasets\fullsign225_manual5_team_features_v2\WATER\MARIELLA_DIRECT_WATER_042_AC379D3F.npy,ok,"(30, 225)",
WATER,MARIELLA,DIRECT,C:\BSIT 3RD YEAR\New VovGest\external_datasets\fullsign225_manual5_team_features_v2\WATER\MARIELLA_DIRECT_WATER_043_4AE26D5E.npy,ok,"(30, 225)",
WATER,MARIELLA,DIRECT,C:\BSIT 3RD YEAR\New VovGest\external_datasets\fullsign225_manual5_team_features_v2\WATER\MARIELLA_DIRECT_WATER_044_DBAB562A.npy,ok,"(30, 225)",
WATER,MARIELLA,DIRECT,C:\BSIT 3RD YEAR\New VovGest\external_datasets\fullsign225_manual5_team_features_v2\WATER\MARIELLA_DIRECT_WATER_045_FDA80673.npy,ok,"(30, 225)",
WATER,MARIELLA,DIRECT,C:\BSIT 3RD YEAR\New VovGest\external_datasets\fullsign225_manual5_team_features_v2\WATER\MARIELLA_DIRECT_WATER_046_0EB79AE2.npy,ok,"(30, 225)",
WATER,MARIELLA,DIRECT,C:\BSIT 3RD YEAR\New VovGest\external_datasets\fullsign225_manual5_team_features_v2\WATER\MARIELLA_DIRECT_WATER_047_2AD4BE9B.npy,ok,"(30, 225)",
WATER,MARIELLA,DIRECT,C:\BSIT 3RD YEAR\New VovGest\external_datasets\fullsign225_manual5_team_features_v2\WATER\MARIELLA_DIRECT_WATER_048_8FC54460.npy,ok,"(30, 225)",
WATER,MARIELLA,DIRECT,C:\BSIT 3RD YEAR\New VovGest\external_datasets\fullsign225_manual5_team_features_v2\WATER\MARIELLA_DIRECT_WATER_049_1358A3D1.npy,ok,"(30, 225)",
WATER,MARIELLA,DIRECT,C:\BSIT 3RD YEAR\New VovGest\external_datasets\fullsign225_manual5_team_features_v2\WATER\MARIELLA_DIRECT_WATER_050_DDFF446A.npy,ok,"(30, 225)",
WATER,MARIELLA,DIRECT,C:\BSIT 3RD YEAR\New VovGest\external_datasets\fullsign225_manual5_team_features_v2\WATER\MARIELLA_DIRECT_WATER_051_A827A053.npy,ok,"(30, 225)",
WATER,MARIELLA,DIRECT,C:\BSIT 3RD YEAR\New VovGest\external_datasets\fullsign225_manual5_team_features_v2\WATER\MARIELLA_DIRECT_WATER_052_E4D2DE22.npy,ok,"(30, 225)",
WATER,MARIELLA,DIRECT,C:\BSIT 3RD YEAR\New VovGest\external_datasets\fullsign225_manual5_team_features_v2\WATER\MARIELLA_DIRECT_WATER_053_5D79E371.npy,ok,"(30, 225)",
WATER,MARIELLA,DIRECT,C:\BSIT 3RD YEAR\New VovGest\external_datasets\fullsign225_manual5_team_features_v2\WATER\MARIELLA_DIRECT_WATER_054_3BB71FE4.npy,ok,"(30, 225)",
WATER,MARIELLA,DIRECT,C:\BSIT 3RD YEAR\New VovGest\external_datasets\fullsign225_manual5_team_features_v2\WATER\MARIELLA_DIRECT_WATER_055_0E8FCBE2.npy,ok,"(30, 225)",
WATER,MARIELLA,DIRECT,C:\BSIT 3RD YEAR\New VovGest\external_datasets\fullsign225_manual5_team_features_v2\WATER\MARIELLA_DIRECT_WATER_056_ED18B388.npy,ok,"(30, 225)",
WATER,MARIELLA,DIRECT,C:\BSIT 3RD YEAR\New VovGest\external_datasets\fullsign225_manual5_team_features_v2\WATER\MARIELLA_DIRECT_WATER_057_EAD68466.npy,ok,"(30, 225)",
WATER,MARIELLA,DIRECT,C:\BSIT 3RD YEAR\New VovGest\external_datasets\fullsign225_manual5_team_features_v2\WATER\MARIELLA_DIRECT_WATER_058_DA7C605C.npy,ok,"(30, 225)",
WATER,MARIELLA,DIRECT,C:\BSIT 3RD YEAR\New VovGest\external_datasets\fullsign225_manual5_team_features_v2\WATER\MARIELLA_DIRECT_WATER_059_B729DCF2.npy,ok,"(30, 225)",
WATER,MARIELLA,DIRECT,C:\BSIT 3RD YEAR\New VovGest\external_datasets\fullsign225_manual5_team_features_v2\WATER\MARIELLA_DIRECT_WATER_060_BB308DFD.npy,ok,"(30, 225)",
WATER,MARIELLA,DIRECT,C:\BSIT 3RD YEAR\New VovGest\external_datasets\fullsign225_manual5_team_features_v2\WATER\MARIELLA_DIRECT_WATER_061_2D9F0897.npy,ok,"(30, 225)",
WATER,MARIELLA,DIRECT,C:\BSIT 3RD YEAR\New VovGest\external_datasets\fullsign225_manual5_team_features_v2\WATER\MARIELLA_DIRECT_WATER_062_DB2BBA91.npy,ok,"(30, 225)",
WATER,MARIELLA,DIRECT,C:\BSIT 3RD YEAR\New VovGest\external_datasets\fullsign225_manual5_team_features_v2\WATER\MARIELLA_DIRECT_WATER_063_D895D2BC.npy,ok,"(30, 225)",
WATER,MARIELLA,DIRECT,C:\BSIT 3RD YEAR\New VovGest\external_datasets\fullsign225_manual5_team_features_v2\WATER\MARIELLA_DIRECT_WATER_064_0566E053.npy,ok,"(30, 225)",
WATER,MARIELLA,DIRECT,C:\BSIT 3RD YEAR\New VovGest\external_datasets\fullsign225_manual5_team_features_v2\WATER\MARIELLA_DIRECT_WATER_065_AEEF4522.npy,ok,"(30, 225)",
WATER,MARIELLA,DIRECT,C:\BSIT 3RD YEAR\New VovGest\external_datasets\fullsign225_manual5_team_features_v2\WATER\MARIELLA_DIRECT_WATER_066_EAA36A44.npy,ok,"(30, 225)",
WATER,MARIELLA,DIRECT,C:\BSIT 3RD YEAR\New VovGest\external_datasets\fullsign225_manual5_team_features_v2\WATER\MARIELLA_DIRECT_WATER_067_10D16026.npy,ok,"(30, 225)",
WATER,MARIELLA,DIRECT,C:\BSIT 3RD YEAR\New VovGest\external_datasets\fullsign225_manual5_team_features_v2\WATER\MARIELLA_DIRECT_WATER_068_4A94A68F.npy,ok,"(30, 225)",
WATER,MARIELLA,DIRECT,C:\BSIT 3RD YEAR\New VovGest\external_datasets\fullsign225_manual5_team_features_v2\WATER\MARIELLA_DIRECT_WATER_069_F6CABB84.npy,ok,"(30, 225)",
WATER,MARIELLA,DIRECT,C:\BSIT 3RD YEAR\New VovGest\external_datasets\fullsign225_manual5_team_features_v2\WATER\MARIELLA_DIRECT_WATER_070_062080F5.npy,ok,"(30, 225)",
HELLO,ANASTACIA,DIRECT,C:\BSIT 3RD YEAR\New VovGest\external_datasets\fullsign225_manual5_team_features_v2\HELLO\ANASTACIA_DIRECT_HELLO_001_E60B6D22.npy,ok,"(30, 225)",
HELLO,ANASTACIA,DIRECT,C:\BSIT 3RD YEAR\New VovGest\external_datasets\fullsign225_manual5_team_features_v2\HELLO\ANASTACIA_DIRECT_HELLO_002_957C5D35.npy,ok,"(30, 225)",
HELLO,ANASTACIA,DIRECT,C:\BSIT 3RD YEAR\New VovGest\external_datasets\fullsign225_manual5_team_features_v2\HELLO\ANASTACIA_DIRECT_HELLO_003_CC6FB4FF.npy,ok,"(30, 225)",
HELLO,ANASTACIA,DIRECT,C:\BSIT 3RD YEAR\New VovGest\external_datasets\fullsign225_manual5_team_features_v2\HELLO\ANASTACIA_DIRECT_HELLO_004_5869D955.npy,ok,"(30, 225)",
HELLO,ANASTACIA,DIRECT,C:\BSIT 3RD YEAR\New VovGest\external_datasets\fullsign225_manual5_team_features_v2\HELLO\ANASTACIA_DIRECT_HELLO_005_898C3A8E.npy,ok,"(30, 225)",
HELLO,ANASTACIA,DIRECT,C:\BSIT 3RD YEAR\New VovGest\external_datasets\fullsign225_manual5_team_features_v2\HELLO\ANASTACIA_DIRECT_HELLO_006_EC7D157F.npy,ok,"(30, 225)",
HELLO,ANASTACIA,DIRECT,C:\BSIT 3RD YEAR\New VovGest\external_datasets\fullsign225_manual5_team_features_v2\HELLO\ANASTACIA_DIRECT_HELLO_007_37389E30.npy,ok,"(30, 225)",
HELLO,ANASTACIA,DIRECT,C:\BSIT 3RD YEAR\New VovGest\external_datasets\fullsign225_manual5_team_features_v2\HELLO\ANASTACIA_DIRECT_HELLO_008_54259549.npy,ok,"(30, 225)",
HELLO,ANASTACIA,DIRECT,C:\BSIT 3RD YEAR\New VovGest\external_datasets\fullsign225_manual5_team_features_v2\HELLO\ANASTACIA_DIRECT_HELLO_009_BDB42C61.npy,ok,"(30, 225)",
HELLO,ANASTACIA,DIRECT,C:\BSIT 3RD YEAR\New VovGest\external_datasets\fullsign225_manual5_team_features_v2\HELLO\ANASTACIA_DIRECT_HELLO_010_2A519C2D.npy,ok,"(30, 225)",
HELLO,ANASTACIA,DIRECT,C:\BSIT 3RD YEAR\New VovGest\external_datasets\fullsign225_manual5_team_features_v2\HELLO\ANASTACIA_DIRECT_HELLO_011_AF771407.npy,ok,"(30, 225)",
HELLO,ANASTACIA,DIRECT,C:\BSIT 3RD YEAR\New VovGest\external_datasets\fullsign225_manual5_team_features_v2\HELLO\ANASTACIA_DIRECT_HELLO_012_34B2FF40.npy,ok,"(30, 225)",
HELLO,ANASTACIA,DIRECT,C:\BSIT 3RD YEAR\New VovGest\external_datasets\fullsign225_manual5_team_features_v2\HELLO\ANASTACIA_DIRECT_HELLO_013_642D2B12.npy,ok,"(30, 225)",
HELLO,ANASTACIA,DIRECT,C:\BSIT 3RD YEAR\New VovGest\external_datasets\fullsign225_manual5_team_features_v2\HELLO\ANASTACIA_DIRECT_HELLO_014_C58E04F0.npy,ok,"(30, 225)",
HELLO,ANASTACIA,DIRECT,C:\BSIT 3RD YEAR\New VovGest\external_datasets\fullsign225_manual5_team_features_v2\HELLO\ANASTACIA_DIRECT_HELLO_015_1223F680.npy,ok,"(30, 225)",
HELLO,ANASTACIA,DIRECT,C:\BSIT 3RD YEAR\New VovGest\external_datasets\fullsign225_manual5_team_features_v2\HELLO\ANASTACIA_DIRECT_HELLO_016_0870F111.npy,ok,"(30, 225)",
HELLO,ANASTACIA,DIRECT,C:\BSIT 3RD YEAR\New VovGest\external_datasets\fullsign225_manual5_team_features_v2\HELLO\ANASTACIA_DIRECT_HELLO_017_8C2D3594.npy,ok,"(30, 225)",
HELLO,ANASTACIA,DIRECT,C:\BSIT 3RD YEAR\New VovGest\external_datasets\fullsign225_manual5_team_features_v2\HELLO\ANASTACIA_DIRECT_HELLO_018_9084266E.npy,ok,"(30, 225)",
HELLO,ANASTACIA,DIRECT,C:\BSIT 3RD YEAR\New VovGest\external_datasets\fullsign225_manual5_team_features_v2\HELLO\ANASTACIA_DIRECT_HELLO_019_B37F4B14.npy,ok,"(30, 225)",
HELLO,ANASTACIA,DIRECT,C:\BSIT 3RD YEAR\New VovGest\external_datasets\fullsign225_manual5_team_features_v2\HELLO\ANASTACIA_DIRECT_HELLO_020_81CC5EC5.npy,ok,"(30, 225)",
HELLO,ANASTACIA,DIRECT,C:\BSIT 3RD YEAR\New VovGest\external_datasets\fullsign225_manual5_team_features_v2\HELLO\ANASTACIA_DIRECT_HELLO_021_FAA45E59.npy,ok,"(30, 225)",
HELLO,ANASTACIA,DIRECT,C:\BSIT 3RD YEAR\New VovGest\external_datasets\fullsign225_manual5_team_features_v2\HELLO\ANASTACIA_DIRECT_HELLO_022_02004160.npy,ok,"(30, 225)",
HELLO,ANASTACIA,DIRECT,C:\BSIT 3RD YEAR\New VovGest\external_datasets\fullsign225_manual5_team_features_v2\HELLO\ANASTACIA_DIRECT_HELLO_023_2A3A732D.npy,ok,"(30, 225)",
HELLO,ANASTACIA,DIRECT,C:\BSIT 3RD YEAR\New VovGest\external_datasets\fullsign225_manual5_team_features_v2\HELLO\ANASTACIA_DIRECT_HELLO_024_DC73B8ED.npy,ok,"(30, 225)",
HELLO,ANASTACIA,DIRECT,C:\BSIT 3RD YEAR\New VovGest\external_datasets\fullsign225_manual5_team_features_v2\HELLO\ANASTACIA_DIRECT_HELLO_025_CBC311E2.npy,ok,"(30, 225)",
HELLO,ANASTACIA,DIRECT,C:\BSIT 3RD YEAR\New VovGest\external_datasets\fullsign225_manual5_team_features_v2\HELLO\ANASTACIA_DIRECT_HELLO_026_C5009A15.npy,ok,"(30, 225)",
HELLO,ANASTACIA,DIRECT,C:\BSIT 3RD YEAR\New VovGest\external_datasets\fullsign225_manual5_team_features_v2\HELLO\ANASTACIA_DIRECT_HELLO_027_FF23DA52.npy,ok,"(30, 225)",
HELLO,ANASTACIA,DIRECT,C:\BSIT 3RD YEAR\New VovGest\external_datasets\fullsign225_manual5_team_features_v2\HELLO\ANASTACIA_DIRECT_HELLO_028_56361B7A.npy,ok,"(30, 225)",
HELLO,ANASTACIA,DIRECT,C:\BSIT 3RD YEAR\New VovGest\external_datasets\fullsign225_manual5_team_features_v2\HELLO\ANASTACIA_DIRECT_HELLO_029_6B2EAEA0.npy,ok,"(30, 225)",
HELLO,ANASTACIA,DIRECT,C:\BSIT 3RD YEAR\New VovGest\external_datasets\fullsign225_manual5_team_features_v2\HELLO\ANASTACIA_DIRECT_HELLO_030_087F83BC.npy,ok,"(30, 225)",
HELLO,MARIELLA,DIRECT,C:\BSIT 3RD YEAR\New VovGest\external_datasets\fullsign225_manual5_team_features_v2\HELLO\MARIELLA_DIRECT_HELLO_031_A49B07C7.npy,ok,"(30, 225)",
HELLO,MARIELLA,DIRECT,C:\BSIT 3RD YEAR\New VovGest\external_datasets\fullsign225_manual5_team_features_v2\HELLO\MARIELLA_DIRECT_HELLO_032_6423457C.npy,ok,"(30, 225)",
HELLO,MARIELLA,DIRECT,C:\BSIT 3RD YEAR\New VovGest\external_datasets\fullsign225_manual5_team_features_v2\HELLO\MARIELLA_DIRECT_HELLO_033_5110ED99.npy,ok,"(30, 225)",
HELLO,MARIELLA,DIRECT,C:\BSIT 3RD YEAR\New VovGest\external_datasets\fullsign225_manual5_team_features_v2\HELLO\MARIELLA_DIRECT_HELLO_034_EBCA563F.npy,ok,"(30, 225)",
HELLO,MARIELLA,DIRECT,C:\BSIT 3RD YEAR\New VovGest\external_datasets\fullsign225_manual5_team_features_v2\HELLO\MARIELLA_DIRECT_HELLO_035_FE0121D1.npy,ok,"(30, 225)",
HELLO,MARIELLA,DIRECT,C:\BSIT 3RD YEAR\New VovGest\external_datasets\fullsign225_manual5_team_features_v2\HELLO\MARIELLA_DIRECT_HELLO_036_91C85E4F.npy,ok,"(30, 225)",
HELLO,MARIELLA,DIRECT,C:\BSIT 3RD YEAR\New VovGest\external_datasets\fullsign225_manual5_team_features_v2\HELLO\MARIELLA_DIRECT_HELLO_037_9AB76D18.npy,ok,"(30, 225)",
HELLO,MARIELLA,DIRECT,C:\BSIT 3RD YEAR\New VovGest\external_datasets\fullsign225_manual5_team_features_v2\HELLO\MARIELLA_DIRECT_HELLO_038_0F431EC9.npy,ok,"(30, 225)",
HELLO,MARIELLA,DIRECT,C:\BSIT 3RD YEAR\New VovGest\external_datasets\fullsign225_manual5_team_features_v2\HELLO\MARIELLA_DIRECT_HELLO_039_D95DBD22.npy,ok,"(30, 225)",
HELLO,MARIELLA,DIRECT,C:\BSIT 3RD YEAR\New VovGest\external_datasets\fullsign225_manual5_team_features_v2\HELLO\MARIELLA_DIRECT_HELLO_040_AFCE553B.npy,ok,"(30, 225)",
HELLO,MARIELLA,DIRECT,C:\BSIT 3RD YEAR\New VovGest\external_datasets\fullsign225_manual5_team_features_v2\HELLO\MARIELLA_DIRECT_HELLO_041_7ED4922A.npy,ok,"(30, 225)",
HELLO,MARIELLA,DIRECT,C:\BSIT 3RD YEAR\New VovGest\external_datasets\fullsign225_manual5_team_features_v2\HELLO\MARIELLA_DIRECT_HELLO_042_EF592D65.npy,ok,"(30, 225)",
HELLO,MARIELLA,DIRECT,C:\BSIT 3RD YEAR\New VovGest\external_datasets\fullsign225_manual5_team_features_v2\HELLO\MARIELLA_DIRECT_HELLO_043_B9E160B9.npy,ok,"(30, 225)",
HELLO,MARIELLA,DIRECT,C:\BSIT 3RD YEAR\New VovGest\external_datasets\fullsign225_manual5_team_features_v2\HELLO\MARIELLA_DIRECT_HELLO_044_8FC84460.npy,ok,"(30, 225)",
HELLO,MARIELLA,DIRECT,C:\BSIT 3RD YEAR\New VovGest\external_datasets\fullsign225_manual5_team_features_v2\HELLO\MARIELLA_DIRECT_HELLO_045_FE4D9197.npy,ok,"(30, 225)",
HELLO,MARIELLA,DIRECT,C:\BSIT 3RD YEAR\New VovGest\external_datasets\fullsign225_manual5_team_features_v2\HELLO\MARIELLA_DIRECT_HELLO_046_169B0452.npy,ok,"(30, 225)",
HELLO,MARIELLA,DIRECT,C:\BSIT 3RD YEAR\New VovGest\external_datasets\fullsign225_manual5_team_features_v2\HELLO\MARIELLA_DIRECT_HELLO_047_9408AF94.npy,ok,"(30, 225)",
HELLO,MARIELLA,DIRECT,C:\BSIT 3RD YEAR\New VovGest\external_datasets\fullsign225_manual5_team_features_v2\HELLO\MARIELLA_DIRECT_HELLO_048_5113331F.npy,ok,"(30, 225)",
HELLO,MARIELLA,DIRECT,C:\BSIT 3RD YEAR\New VovGest\external_datasets\fullsign225_manual5_team_features_v2\HELLO\MARIELLA_DIRECT_HELLO_049_75C27BB5.npy,ok,"(30, 225)",
HELLO,MARIELLA,DIRECT,C:\BSIT 3RD YEAR\New VovGest\external_datasets\fullsign225_manual5_team_features_v2\HELLO\MARIELLA_DIRECT_HELLO_050_E91AC660.npy,ok,"(30, 225)",
HELLO,MARIELLA,DIRECT,C:\BSIT 3RD YEAR\New VovGest\external_datasets\fullsign225_manual5_team_features_v2\HELLO\MARIELLA_DIRECT_HELLO_051_17116DE7.npy,ok,"(30, 225)",
HELLO,MARIELLA,DIRECT,C:\BSIT 3RD YEAR\New VovGest\external_datasets\fullsign225_manual5_team_features_v2\HELLO\MARIELLA_DIRECT_HELLO_052_6CDA3AE0.npy,ok,"(30, 225)",
HELLO,MARIELLA,DIRECT,C:\BSIT 3RD YEAR\New VovGest\external_datasets\fullsign225_manual5_team_features_v2\HELLO\MARIELLA_DIRECT_HELLO_053_3404BD84.npy,ok,"(30, 225)",
HELLO,MARIELLA,DIRECT,C:\BSIT 3RD YEAR\New VovGest\external_datasets\fullsign225_manual5_team_features_v2\HELLO\MARIELLA_DIRECT_HELLO_054_37667709.npy,ok,"(30, 225)",
HELLO,MARIELLA,DIRECT,C:\BSIT 3RD YEAR\New VovGest\external_datasets\fullsign225_manual5_team_features_v2\HELLO\MARIELLA_DIRECT_HELLO_055_D4B55593.npy,ok,"(30, 225)",
HELLO,MARIELLA,DIRECT,C:\BSIT 3RD YEAR\New VovGest\external_datasets\fullsign225_manual5_team_features_v2\HELLO\MARIELLA_DIRECT_HELLO_056_4789B02E.npy,ok,"(30, 225)",
HELLO,MARIELLA,DIRECT,C:\BSIT 3RD YEAR\New VovGest\external_datasets\fullsign225_manual5_team_features_v2\HELLO\MARIELLA_DIRECT_HELLO_057_DC5C4F89.npy,ok,"(30, 225)",
HELLO,MARIELLA,DIRECT,C:\BSIT 3RD YEAR\New VovGest\external_datasets\fullsign225_manual5_team_features_v2\HELLO\MARIELLA_DIRECT_HELLO_058_C956FC0D.npy,ok,"(30, 225)",
HELLO,MARIELLA,DIRECT,C:\BSIT 3RD YEAR\New VovGest\external_datasets\fullsign225_manual5_team_features_v2\HELLO\MARIELLA_DIRECT_HELLO_059_B14B32F6.npy,ok,"(30, 225)",
HELLO,MARIELLA,DIRECT,C:\BSIT 3RD YEAR\New VovGest\external_datasets\fullsign225_manual5_team_features_v2\HELLO\MARIELLA_DIRECT_HELLO_060_479B5F33.npy,ok,"(30, 225)",
HELLO,MARIELLA,DIRECT,C:\BSIT 3RD YEAR\New VovGest\external_datasets\fullsign225_manual5_team_features_v2\HELLO\MARIELLA_DIRECT_HELLO_061_5D148986.npy,ok,"(30, 225)",
HELLO,MARIELLA,DIRECT,C:\BSIT 3RD YEAR\New VovGest\external_datasets\fullsign225_manual5_team_features_v2\HELLO\MARIELLA_DIRECT_HELLO_062_25790BFC.npy,ok,"(30, 225)",
HELLO,MARIELLA,DIRECT,C:\BSIT 3RD YEAR\New VovGest\external_datasets\fullsign225_manual5_team_features_v2\HELLO\MARIELLA_DIRECT_HELLO_063_57DEE560.npy,ok,"(30, 225)",
HELLO,MARIELLA,DIRECT,C:\BSIT 3RD YEAR\New VovGest\external_datasets\fullsign225_manual5_team_features_v2\HELLO\MARIELLA_DIRECT_HELLO_064_3DC469A3.npy,ok,"(30, 225)",
HELLO,MARIELLA,DIRECT,C:\BSIT 3RD YEAR\New VovGest\external_datasets\fullsign225_manual5_team_features_v2\HELLO\MARIELLA_DIRECT_HELLO_065_9479BBEA.npy,ok,"(30, 225)",
HELLO,MARIELLA,DIRECT,C:\BSIT 3RD YEAR\New VovGest\external_datasets\fullsign225_manual5_team_features_v2\HELLO\MARIELLA_DIRECT_HELLO_066_39B29013.npy,ok,"(30, 225)",
HELLO,MARIELLA,DIRECT,C:\BSIT 3RD YEAR\New VovGest\external_datasets\fullsign225_manual5_team_features_v2\HELLO\MARIELLA_DIRECT_HELLO_067_DE7D1109.npy,ok,"(30, 225)",
HELLO,MARIELLA,DIRECT,C:\BSIT 3RD YEAR\New VovGest\external_datasets\fullsign225_manual5_team_features_v2\HELLO\MARIELLA_DIRECT_HELLO_068_F6E85F5D.npy,ok,"(30, 225)",
HELLO,MARIELLA,DIRECT,C:\BSIT 3RD YEAR\New VovGest\external_datasets\fullsign225_manual5_team_features_v2\HELLO\MARIELLA_DIRECT_HELLO_069_CB5B6E41.npy,ok,"(30, 225)",
HELLO,MARIELLA,DIRECT,C:\BSIT 3RD YEAR\New VovGest\external_datasets\fullsign225_manual5_team_features_v2\HELLO\MARIELLA_DIRECT_HELLO_070_BD3E5720.npy,ok,"(30, 225)",
THANKYOU,ANASTACIA,DIRECT,C:\BSIT 3RD YEAR\New VovGest\external_datasets\fullsign225_manual5_team_features_v2\THANKYOU\ANASTACIA_DIRECT_THANKYOU_001_BDAEFB9E.npy,ok,"(30, 225)",
THANKYOU,ANASTACIA,DIRECT,C:\BSIT 3RD YEAR\New VovGest\external_datasets\fullsign225_manual5_team_features_v2\THANKYOU\ANASTACIA_DIRECT_THANKYOU_002_145E2CCE.npy,ok,"(30, 225)",
THANKYOU,ANASTACIA,DIRECT,C:\BSIT 3RD YEAR\New VovGest\external_datasets\fullsign225_manual5_team_features_v2\THANKYOU\ANASTACIA_DIRECT_THANKYOU_003_91562E15.npy,ok,"(30, 225)",
THANKYOU,ANASTACIA,DIRECT,C:\BSIT 3RD YEAR\New VovGest\external_datasets\fullsign225_manual5_team_features_v2\THANKYOU\ANASTACIA_DIRECT_THANKYOU_004_9D182642.npy,ok,"(30, 225)",
THANKYOU,ANASTACIA,DIRECT,C:\BSIT 3RD YEAR\New VovGest\external_datasets\fullsign225_manual5_team_features_v2\THANKYOU\ANASTACIA_DIRECT_THANKYOU_005_CE033E6F.npy,ok,"(30, 225)",
THANKYOU,ANASTACIA,DIRECT,C:\BSIT 3RD YEAR\New VovGest\external_datasets\fullsign225_manual5_team_features_v2\THANKYOU\ANASTACIA_DIRECT_THANKYOU_006_0B32BB33.npy,ok,"(30, 225)",
THANKYOU,ANASTACIA,DIRECT,C:\BSIT 3RD YEAR\New VovGest\external_datasets\fullsign225_manual5_team_features_v2\THANKYOU\ANASTACIA_DIRECT_THANKYOU_007_8314150D.npy,ok,"(30, 225)",
THANKYOU,ANASTACIA,DIRECT,C:\BSIT 3RD YEAR\New VovGest\external_datasets\fullsign225_manual5_team_features_v2\THANKYOU\ANASTACIA_DIRECT_THANKYOU_008_28E5430B.npy,ok,"(30, 225)",
THANKYOU,ANASTACIA,DIRECT,C:\BSIT 3RD YEAR\New VovGest\external_datasets\fullsign225_manual5_team_features_v2\THANKYOU\ANASTACIA_DIRECT_THANKYOU_009_CC6A121A.npy,ok,"(30, 225)",
THANKYOU,ANASTACIA,DIRECT,C:\BSIT 3RD YEAR\New VovGest\external_datasets\fullsign225_manual5_team_features_v2\THANKYOU\ANASTACIA_DIRECT_THANKYOU_010_43433660.npy,ok,"(30, 225)",
THANKYOU,ANASTACIA,DIRECT,C:\BSIT 3RD YEAR\New VovGest\external_datasets\fullsign225_manual5_team_features_v2\THANKYOU\ANASTACIA_DIRECT_THANKYOU_011_73524089.npy,ok,"(30, 225)",
THANKYOU,ANASTACIA,DIRECT,C:\BSIT 3RD YEAR\New VovGest\external_datasets\fullsign225_manual5_team_features_v2\THANKYOU\ANASTACIA_DIRECT_THANKYOU_012_E0BDD4E7.npy,ok,"(30, 225)",
THANKYOU,ANASTACIA,DIRECT,C:\BSIT 3RD YEAR\New VovGest\external_datasets\fullsign225_manual5_team_features_v2\THANKYOU\ANASTACIA_DIRECT_THANKYOU_013_8EBE3D9A.npy,ok,"(30, 225)",
THANKYOU,ANASTACIA,DIRECT,C:\BSIT 3RD YEAR\New VovGest\external_datasets\fullsign225_manual5_team_features_v2\THANKYOU\ANASTACIA_DIRECT_THANKYOU_014_3C27BB2A.npy,ok,"(30, 225)",
THANKYOU,ANASTACIA,DIRECT,C:\BSIT 3RD YEAR\New VovGest\external_datasets\fullsign225_manual5_team_features_v2\THANKYOU\ANASTACIA_DIRECT_THANKYOU_015_3E761A59.npy,ok,"(30, 225)",
THANKYOU,ANASTACIA,DIRECT,C:\BSIT 3RD YEAR\New VovGest\external_datasets\fullsign225_manual5_team_features_v2\THANKYOU\ANASTACIA_DIRECT_THANKYOU_016_6A66C051.npy,ok,"(30, 225)",
THANKYOU,ANASTACIA,DIRECT,C:\BSIT 3RD YEAR\New VovGest\external_datasets\fullsign225_manual5_team_features_v2\THANKYOU\ANASTACIA_DIRECT_THANKYOU_017_01EAD258.npy,ok,"(30, 225)",
THANKYOU,ANASTACIA,DIRECT,C:\BSIT 3RD YEAR\New VovGest\external_datasets\fullsign225_manual5_team_features_v2\THANKYOU\ANASTACIA_DIRECT_THANKYOU_018_032ACFEF.npy,ok,"(30, 225)",
THANKYOU,ANASTACIA,DIRECT,C:\BSIT 3RD YEAR\New VovGest\external_datasets\fullsign225_manual5_team_features_v2\THANKYOU\ANASTACIA_DIRECT_THANKYOU_019_7486D173.npy,ok,"(30, 225)",
THANKYOU,ANASTACIA,DIRECT,C:\BSIT 3RD YEAR\New VovGest\external_datasets\fullsign225_manual5_team_features_v2\THANKYOU\ANASTACIA_DIRECT_THANKYOU_020_4FDC7765.npy,ok,"(30, 225)",
THANKYOU,ANASTACIA,DIRECT,C:\BSIT 3RD YEAR\New VovGest\external_datasets\fullsign225_manual5_team_features_v2\THANKYOU\ANASTACIA_DIRECT_THANKYOU_021_97A4A843.npy,ok,"(30, 225)",
THANKYOU,ANASTACIA,DIRECT,C:\BSIT 3RD YEAR\New VovGest\external_datasets\fullsign225_manual5_team_features_v2\THANKYOU\ANASTACIA_DIRECT_THANKYOU_022_2BD9F3A4.npy,ok,"(30, 225)",
THANKYOU,ANASTACIA,DIRECT,C:\BSIT 3RD YEAR\New VovGest\external_datasets\fullsign225_manual5_team_features_v2\THANKYOU\ANASTACIA_DIRECT_THANKYOU_023_CAE2CBD2.npy,ok,"(30, 225)",
THANKYOU,ANASTACIA,DIRECT,C:\BSIT 3RD YEAR\New VovGest\external_datasets\fullsign225_manual5_team_features_v2\THANKYOU\ANASTACIA_DIRECT_THANKYOU_024_60E36D0E.npy,ok,"(30, 225)",
THANKYOU,ANASTACIA,DIRECT,C:\BSIT 3RD YEAR\New VovGest\external_datasets\fullsign225_manual5_team_features_v2\THANKYOU\ANASTACIA_DIRECT_THANKYOU_025_57277D31.npy,ok,"(30, 225)",
THANKYOU,ANASTACIA,DIRECT,C:\BSIT 3RD YEAR\New VovGest\external_datasets\fullsign225_manual5_team_features_v2\THANKYOU\ANASTACIA_DIRECT_THANKYOU_026_603A5E9F.npy,ok,"(30, 225)",
THANKYOU,ANASTACIA,DIRECT,C:\BSIT 3RD YEAR\New VovGest\external_datasets\fullsign225_manual5_team_features_v2\THANKYOU\ANASTACIA_DIRECT_THANKYOU_027_4DEA08EB.npy,ok,"(30, 225)",
THANKYOU,ANASTACIA,DIRECT,C:\BSIT 3RD YEAR\New VovGest\external_datasets\fullsign225_manual5_team_features_v2\THANKYOU\ANASTACIA_DIRECT_THANKYOU_028_D996A7C9.npy,ok,"(30, 225)",
THANKYOU,ANASTACIA,DIRECT,C:\BSIT 3RD YEAR\New VovGest\external_datasets\fullsign225_manual5_team_features_v2\THANKYOU\ANASTACIA_DIRECT_THANKYOU_029_6DB6940F.npy,ok,"(30, 225)",
THANKYOU,ANASTACIA,DIRECT,C:\BSIT 3RD YEAR\New VovGest\external_datasets\fullsign225_manual5_team_features_v2\THANKYOU\ANASTACIA_DIRECT_THANKYOU_030_2255404E.npy,ok,"(30, 225)",
THANKYOU,MARIELLA,DIRECT,C:\BSIT 3RD YEAR\New VovGest\external_datasets\fullsign225_manual5_team_features_v2\THANKYOU\MARIELLA_DIRECT_THANKYOU_031_43700679.npy,ok,"(30, 225)",
THANKYOU,MARIELLA,DIRECT,C:\BSIT 3RD YEAR\New VovGest\external_datasets\fullsign225_manual5_team_features_v2\THANKYOU\MARIELLA_DIRECT_THANKYOU_032_5F8AB8BA.npy,ok,"(30, 225)",
THANKYOU,MARIELLA,DIRECT,C:\BSIT 3RD YEAR\New VovGest\external_datasets\fullsign225_manual5_team_features_v2\THANKYOU\MARIELLA_DIRECT_THANKYOU_033_A4F0CFE8.npy,ok,"(30, 225)",
THANKYOU,MARIELLA,DIRECT,C:\BSIT 3RD YEAR\New VovGest\external_datasets\fullsign225_manual5_team_features_v2\THANKYOU\MARIELLA_DIRECT_THANKYOU_034_75FAE991.npy,ok,"(30, 225)",
THANKYOU,MARIELLA,DIRECT,C:\BSIT 3RD YEAR\New VovGest\external_datasets\fullsign225_manual5_team_features_v2\THANKYOU\MARIELLA_DIRECT_THANKYOU_035_8744ACD3.npy,ok,"(30, 225)",
THANKYOU,MARIELLA,DIRECT,C:\BSIT 3RD YEAR\New VovGest\external_datasets\fullsign225_manual5_team_features_v2\THANKYOU\MARIELLA_DIRECT_THANKYOU_036_6302E26E.npy,ok,"(30, 225)",
THANKYOU,MARIELLA,DIRECT,C:\BSIT 3RD YEAR\New VovGest\external_datasets\fullsign225_manual5_team_features_v2\THANKYOU\MARIELLA_DIRECT_THANKYOU_037_05097C6A.npy,ok,"(30, 225)",
THANKYOU,MARIELLA,DIRECT,C:\BSIT 3RD YEAR\New VovGest\external_datasets\fullsign225_manual5_team_features_v2\THANKYOU\MARIELLA_DIRECT_THANKYOU_038_45307CB7.npy,ok,"(30, 225)",
THANKYOU,MARIELLA,DIRECT,C:\BSIT 3RD YEAR\New VovGest\external_datasets\fullsign225_manual5_team_features_v2\THANKYOU\MARIELLA_DIRECT_THANKYOU_039_F3F87E61.npy,ok,"(30, 225)",
THANKYOU,MARIELLA,DIRECT,C:\BSIT 3RD YEAR\New VovGest\external_datasets\fullsign225_manual5_team_features_v2\THANKYOU\MARIELLA_DIRECT_THANKYOU_040_59540582.npy,ok,"(30, 225)",
THANKYOU,MARIELLA,DIRECT,C:\BSIT 3RD YEAR\New VovGest\external_datasets\fullsign225_manual5_team_features_v2\THANKYOU\MARIELLA_DIRECT_THANKYOU_041_56A555E5.npy,ok,"(30, 225)",
THANKYOU,MARIELLA,DIRECT,C:\BSIT 3RD YEAR\New VovGest\external_datasets\fullsign225_manual5_team_features_v2\THANKYOU\MARIELLA_DIRECT_THANKYOU_042_A8FA3622.npy,ok,"(30, 225)",
THANKYOU,MARIELLA,DIRECT,C:\BSIT 3RD YEAR\New VovGest\external_datasets\fullsign225_manual5_team_features_v2\THANKYOU\MARIELLA_DIRECT_THANKYOU_043_6BEF9D26.npy,ok,"(30, 225)",
THANKYOU,MARIELLA,DIRECT,C:\BSIT 3RD YEAR\New VovGest\external_datasets\fullsign225_manual5_team_features_v2\THANKYOU\MARIELLA_DIRECT_THANKYOU_044_12CD5C4B.npy,ok,"(30, 225)",
THANKYOU,MARIELLA,DIRECT,C:\BSIT 3RD YEAR\New VovGest\external_datasets\fullsign225_manual5_team_features_v2\THANKYOU\MARIELLA_DIRECT_THANKYOU_045_2B092A10.npy,ok,"(30, 225)",
THANKYOU,MARIELLA,DIRECT,C:\BSIT 3RD YEAR\New VovGest\external_datasets\fullsign225_manual5_team_features_v2\THANKYOU\MARIELLA_DIRECT_THANKYOU_046_5C285D53.npy,ok,"(30, 225)",
THANKYOU,MARIELLA,DIRECT,C:\BSIT 3RD YEAR\New VovGest\external_datasets\fullsign225_manual5_team_features_v2\THANKYOU\MARIELLA_DIRECT_THANKYOU_047_AA4C3E97.npy,ok,"(30, 225)",
THANKYOU,MARIELLA,DIRECT,C:\BSIT 3RD YEAR\New VovGest\external_datasets\fullsign225_manual5_team_features_v2\THANKYOU\MARIELLA_DIRECT_THANKYOU_048_E1B1CCEE.npy,ok,"(30, 225)",
THANKYOU,MARIELLA,DIRECT,C:\BSIT 3RD YEAR\New VovGest\external_datasets\fullsign225_manual5_team_features_v2\THANKYOU\MARIELLA_DIRECT_THANKYOU_049_A628F030.npy,ok,"(30, 225)",
THANKYOU,MARIELLA,DIRECT,C:\BSIT 3RD YEAR\New VovGest\external_datasets\fullsign225_manual5_team_features_v2\THANKYOU\MARIELLA_DIRECT_THANKYOU_050_6BFE7932.npy,ok,"(30, 225)",
THANKYOU,MARIELLA,DIRECT,C:\BSIT 3RD YEAR\New VovGest\external_datasets\fullsign225_manual5_team_features_v2\THANKYOU\MARIELLA_DIRECT_THANKYOU_051_01B93705.npy,ok,"(30, 225)",
THANKYOU,MARIELLA,DIRECT,C:\BSIT 3RD YEAR\New VovGest\external_datasets\fullsign225_manual5_team_features_v2\THANKYOU\MARIELLA_DIRECT_THANKYOU_052_3C7AB9C1.npy,ok,"(30, 225)",
THANKYOU,MARIELLA,DIRECT,C:\BSIT 3RD YEAR\New VovGest\external_datasets\fullsign225_manual5_team_features_v2\THANKYOU\MARIELLA_DIRECT_THANKYOU_053_17E4F91D.npy,ok,"(30, 225)",
THANKYOU,MARIELLA,DIRECT,C:\BSIT 3RD YEAR\New VovGest\external_datasets\fullsign225_manual5_team_features_v2\THANKYOU\MARIELLA_DIRECT_THANKYOU_054_73E658D6.npy,ok,"(30, 225)",
THANKYOU,MARIELLA,DIRECT,C:\BSIT 3RD YEAR\New VovGest\external_datasets\fullsign225_manual5_team_features_v2\THANKYOU\MARIELLA_DIRECT_THANKYOU_055_20C247FC.npy,ok,"(30, 225)",
THANKYOU,MARIELLA,DIRECT,C:\BSIT 3RD YEAR\New VovGest\external_datasets\fullsign225_manual5_team_features_v2\THANKYOU\MARIELLA_DIRECT_THANKYOU_056_F71FEFD9.npy,ok,"(30, 225)",
THANKYOU,MARIELLA,DIRECT,C:\BSIT 3RD YEAR\New VovGest\external_datasets\fullsign225_manual5_team_features_v2\THANKYOU\MARIELLA_DIRECT_THANKYOU_057_8425069B.npy,ok,"(30, 225)",
THANKYOU,MARIELLA,DIRECT,C:\BSIT 3RD YEAR\New VovGest\external_datasets\fullsign225_manual5_team_features_v2\THANKYOU\MARIELLA_DIRECT_THANKYOU_058_0789799F.npy,ok,"(30, 225)",
THANKYOU,MARIELLA,DIRECT,C:\BSIT 3RD YEAR\New VovGest\external_datasets\fullsign225_manual5_team_features_v2\THANKYOU\MARIELLA_DIRECT_THANKYOU_059_1A3A4D98.npy,ok,"(30, 225)",
THANKYOU,MARIELLA,DIRECT,C:\BSIT 3RD YEAR\New VovGest\external_datasets\fullsign225_manual5_team_features_v2\THANKYOU\MARIELLA_DIRECT_THANKYOU_060_FCFF67C0.npy,ok,"(30, 225)",
THANKYOU,MARIELLA,DIRECT,C:\BSIT 3RD YEAR\New VovGest\external_datasets\fullsign225_manual5_team_features_v2\THANKYOU\MARIELLA_DIRECT_THANKYOU_061_B302212E.npy,ok,"(30, 225)",
THANKYOU,MARIELLA,DIRECT,C:\BSIT 3RD YEAR\New VovGest\external_datasets\fullsign225_manual5_team_features_v2\THANKYOU\MARIELLA_DIRECT_THANKYOU_062_8C59FADF.npy,ok,"(30, 225)",
THANKYOU,MARIELLA,DIRECT,C:\BSIT 3RD YEAR\New VovGest\external_datasets\fullsign225_manual5_team_features_v2\THANKYOU\MARIELLA_DIRECT_THANKYOU_063_21F601EE.npy,ok,"(30, 225)",
THANKYOU,MARIELLA,DIRECT,C:\BSIT 3RD YEAR\New VovGest\external_datasets\fullsign225_manual5_team_features_v2\THANKYOU\MARIELLA_DIRECT_THANKYOU_064_9C5CA315.npy,ok,"(30, 225)",
THANKYOU,MARIELLA,DIRECT,C:\BSIT 3RD YEAR\New VovGest\external_datasets\fullsign225_manual5_team_features_v2\THANKYOU\MARIELLA_DIRECT_THANKYOU_065_1AE224E7.npy,ok,"(30, 225)",
THANKYOU,MARIELLA,DIRECT,C:\BSIT 3RD YEAR\New VovGest\external_datasets\fullsign225_manual5_team_features_v2\THANKYOU\MARIELLA_DIRECT_THANKYOU_066_D62EF379.npy,ok,"(30, 225)",
THANKYOU,MARIELLA,DIRECT,C:\BSIT 3RD YEAR\New VovGest\external_datasets\fullsign225_manual5_team_features_v2\THANKYOU\MARIELLA_DIRECT_THANKYOU_067_84495514.npy,ok,"(30, 225)",
THANKYOU,MARIELLA,DIRECT,C:\BSIT 3RD YEAR\New VovGest\external_datasets\fullsign225_manual5_team_features_v2\THANKYOU\MARIELLA_DIRECT_THANKYOU_068_25A83304.npy,ok,"(30, 225)",
THANKYOU,MARIELLA,DIRECT,C:\BSIT 3RD YEAR\New VovGest\external_datasets\fullsign225_manual5_team_features_v2\THANKYOU\MARIELLA_DIRECT_THANKYOU_069_91F0CA06.npy,ok,"(30, 225)",
THANKYOU,MARIELLA,DIRECT,C:\BSIT 3RD YEAR\New VovGest\external_datasets\fullsign225_manual5_team_features_v2\THANKYOU\MARIELLA_DIRECT_THANKYOU_070_D2883367.npy,ok,"(30, 225)",
NOTHING,ANASTACIA,DIRECT,C:\BSIT 3RD YEAR\New VovGest\external_datasets\fullsign225_manual5_team_features_v2\NOTHING\ANASTACIA_DIRECT_NOTHING_001_BB894999.npy,ok,"(30, 225)",
NOTHING,ANASTACIA,DIRECT,C:\BSIT 3RD YEAR\New VovGest\external_datasets\fullsign225_manual5_team_features_v2\NOTHING\ANASTACIA_DIRECT_NOTHING_002_A72A9482.npy,ok,"(30, 225)",
NOTHING,ANASTACIA,DIRECT,C:\BSIT 3RD YEAR\New VovGest\external_datasets\fullsign225_manual5_team_features_v2\NOTHING\ANASTACIA_DIRECT_NOTHING_003_62DC72E0.npy,ok,"(30, 225)",
NOTHING,ANASTACIA,DIRECT,C:\BSIT 3RD YEAR\New VovGest\external_datasets\fullsign225_manual5_team_features_v2\NOTHING\ANASTACIA_DIRECT_NOTHING_004_DBAD06F2.npy,ok,"(30, 225)",
NOTHING,ANASTACIA,DIRECT,C:\BSIT 3RD YEAR\New VovGest\external_datasets\fullsign225_manual5_team_features_v2\NOTHING\ANASTACIA_DIRECT_NOTHING_005_BA5EC53E.npy,ok,"(30, 225)",
NOTHING,ANASTACIA,DIRECT,C:\BSIT 3RD YEAR\New VovGest\external_datasets\fullsign225_manual5_team_features_v2\NOTHING\ANASTACIA_DIRECT_NOTHING_006_6323F909.npy,ok,"(30, 225)",
NOTHING,ANASTACIA,DIRECT,C:\BSIT 3RD YEAR\New VovGest\external_datasets\fullsign225_manual5_team_features_v2\NOTHING\ANASTACIA_DIRECT_NOTHING_007_FFB81F96.npy,ok,"(30, 225)",
NOTHING,ANASTACIA,DIRECT,C:\BSIT 3RD YEAR\New VovGest\external_datasets\fullsign225_manual5_team_features_v2\NOTHING\ANASTACIA_DIRECT_NOTHING_008_990AE2FF.npy,ok,"(30, 225)",
NOTHING,ANASTACIA,DIRECT,C:\BSIT 3RD YEAR\New VovGest\external_datasets\fullsign225_manual5_team_features_v2\NOTHING\ANASTACIA_DIRECT_NOTHING_009_2591D01A.npy,ok,"(30, 225)",
NOTHING,ANASTACIA,DIRECT,C:\BSIT 3RD YEAR\New VovGest\external_datasets\fullsign225_manual5_team_features_v2\NOTHING\ANASTACIA_DIRECT_NOTHING_010_CF136DB5.npy,ok,"(30, 225)",
NOTHING,ANASTACIA,DIRECT,C:\BSIT 3RD YEAR\New VovGest\external_datasets\fullsign225_manual5_team_features_v2\NOTHING\ANASTACIA_DIRECT_NOTHING_011_4E96E52D.npy,ok,"(30, 225)",
NOTHING,ANASTACIA,DIRECT,C:\BSIT 3RD YEAR\New VovGest\external_datasets\fullsign225_manual5_team_features_v2\NOTHING\ANASTACIA_DIRECT_NOTHING_012_9FAF4C85.npy,ok,"(30, 225)",
NOTHING,ANASTACIA,DIRECT,C:\BSIT 3RD YEAR\New VovGest\external_datasets\fullsign225_manual5_team_features_v2\NOTHING\ANASTACIA_DIRECT_NOTHING_013_7C313F78.npy,ok,"(30, 225)",
NOTHING,ANASTACIA,DIRECT,C:\BSIT 3RD YEAR\New VovGest\external_datasets\fullsign225_manual5_team_features_v2\NOTHING\ANASTACIA_DIRECT_NOTHING_014_36C5CB4B.npy,ok,"(30, 225)",
NOTHING,ANASTACIA,DIRECT,C:\BSIT 3RD YEAR\New VovGest\external_datasets\fullsign225_manual5_team_features_v2\NOTHING\ANASTACIA_DIRECT_NOTHING_015_11207CB8.npy,ok,"(30, 225)",
NOTHING,ANASTACIA,DIRECT,C:\BSIT 3RD YEAR\New VovGest\external_datasets\fullsign225_manual5_team_features_v2\NOTHING\ANASTACIA_DIRECT_NOTHING_016_B0470F2F.npy,ok,"(30, 225)",
NOTHING,ANASTACIA,DIRECT,C:\BSIT 3RD YEAR\New VovGest\external_datasets\fullsign225_manual5_team_features_v2\NOTHING\ANASTACIA_DIRECT_NOTHING_017_D2769476.npy,ok,"(30, 225)",
NOTHING,ANASTACIA,DIRECT,C:\BSIT 3RD YEAR\New VovGest\external_datasets\fullsign225_manual5_team_features_v2\NOTHING\ANASTACIA_DIRECT_NOTHING_018_0A744BE8.npy,ok,"(30, 225)",
NOTHING,ANASTACIA,DIRECT,C:\BSIT 3RD YEAR\New VovGest\external_datasets\fullsign225_manual5_team_features_v2\NOTHING\ANASTACIA_DIRECT_NOTHING_019_DA53B30F.npy,ok,"(30, 225)",
NOTHING,ANASTACIA,DIRECT,C:\BSIT 3RD YEAR\New VovGest\external_datasets\fullsign225_manual5_team_features_v2\NOTHING\ANASTACIA_DIRECT_NOTHING_020_609E1102.npy,ok,"(30, 225)",
NOTHING,ANASTACIA,DIRECT,C:\BSIT 3RD YEAR\New VovGest\external_datasets\fullsign225_manual5_team_features_v2\NOTHING\ANASTACIA_DIRECT_NOTHING_021_4C336C87.npy,ok,"(30, 225)",
NOTHING,ANASTACIA,DIRECT,C:\BSIT 3RD YEAR\New VovGest\external_datasets\fullsign225_manual5_team_features_v2\NOTHING\ANASTACIA_DIRECT_NOTHING_022_B9B29D49.npy,ok,"(30, 225)",
NOTHING,ANASTACIA,DIRECT,C:\BSIT 3RD YEAR\New VovGest\external_datasets\fullsign225_manual5_team_features_v2\NOTHING\ANASTACIA_DIRECT_NOTHING_023_8275B584.npy,ok,"(30, 225)",
NOTHING,ANASTACIA,DIRECT,C:\BSIT 3RD YEAR\New VovGest\external_datasets\fullsign225_manual5_team_features_v2\NOTHING\ANASTACIA_DIRECT_NOTHING_024_4830672B.npy,ok,"(30, 225)",
NOTHING,ANASTACIA,DIRECT,C:\BSIT 3RD YEAR\New VovGest\external_datasets\fullsign225_manual5_team_features_v2\NOTHING\ANASTACIA_DIRECT_NOTHING_025_F52CA8AE.npy,ok,"(30, 225)",
NOTHING,ANASTACIA,DIRECT,C:\BSIT 3RD YEAR\New VovGest\external_datasets\fullsign225_manual5_team_features_v2\NOTHING\ANASTACIA_DIRECT_NOTHING_026_020E23F5.npy,ok,"(30, 225)",
NOTHING,ANASTACIA,DIRECT,C:\BSIT 3RD YEAR\New VovGest\external_datasets\fullsign225_manual5_team_features_v2\NOTHING\ANASTACIA_DIRECT_NOTHING_027_81EF7525.npy,ok,"(30, 225)",
NOTHING,ANASTACIA,DIRECT,C:\BSIT 3RD YEAR\New VovGest\external_datasets\fullsign225_manual5_team_features_v2\NOTHING\ANASTACIA_DIRECT_NOTHING_028_5208747E.npy,ok,"(30, 225)",
NOTHING,ANASTACIA,DIRECT,C:\BSIT 3RD YEAR\New VovGest\external_datasets\fullsign225_manual5_team_features_v2\NOTHING\ANASTACIA_DIRECT_NOTHING_029_F3E6444B.npy,ok,"(30, 225)",
NOTHING,ANASTACIA,DIRECT,C:\BSIT 3RD YEAR\New VovGest\external_datasets\fullsign225_manual5_team_features_v2\NOTHING\ANASTACIA_DIRECT_NOTHING_030_50F5577E.npy,ok,"(30, 225)",
NOTHING,ANASTACIA,DIRECT,C:\BSIT 3RD YEAR\New VovGest\external_datasets\fullsign225_manual5_team_features_v2\NOTHING\ANASTACIA_DIRECT_NOTHING_031_AB46C99C.npy,ok,"(30, 225)",
NOTHING,ANASTACIA,DIRECT,C:\BSIT 3RD YEAR\New VovGest\external_datasets\fullsign225_manual5_team_features_v2\NOTHING\ANASTACIA_DIRECT_NOTHING_032_2A055261.npy,ok,"(30, 225)",
NOTHING,ANASTACIA,DIRECT,C:\BSIT 3RD YEAR\New VovGest\external_datasets\fullsign225_manual5_team_features_v2\NOTHING\ANASTACIA_DIRECT_NOTHING_033_E880ED3A.npy,ok,"(30, 225)",
NOTHING,ANASTACIA,DIRECT,C:\BSIT 3RD YEAR\New VovGest\external_datasets\fullsign225_manual5_team_features_v2\NOTHING\ANASTACIA_DIRECT_NOTHING_034_BC9163B8.npy,ok,"(30, 225)",
NOTHING,ANASTACIA,DIRECT,C:\BSIT 3RD YEAR\New VovGest\external_datasets\fullsign225_manual5_team_features_v2\NOTHING\ANASTACIA_DIRECT_NOTHING_035_E100FADE.npy,ok,"(30, 225)",
NOTHING,ANASTACIA,DIRECT,C:\BSIT 3RD YEAR\New VovGest\external_datasets\fullsign225_manual5_team_features_v2\NOTHING\ANASTACIA_DIRECT_NOTHING_036_CAE713CA.npy,ok,"(30, 225)",
NOTHING,ANASTACIA,DIRECT,C:\BSIT 3RD YEAR\New VovGest\external_datasets\fullsign225_manual5_team_features_v2\NOTHING\ANASTACIA_DIRECT_NOTHING_037_F411C7EA.npy,ok,"(30, 225)",
NOTHING,ANASTACIA,DIRECT,C:\BSIT 3RD YEAR\New VovGest\external_datasets\fullsign225_manual5_team_features_v2\NOTHING\ANASTACIA_DIRECT_NOTHING_038_8BF4369E.npy,ok,"(30, 225)",
NOTHING,ANASTACIA,DIRECT,C:\BSIT 3RD YEAR\New VovGest\external_datasets\fullsign225_manual5_team_features_v2\NOTHING\ANASTACIA_DIRECT_NOTHING_039_38FC2B83.npy,ok,"(30, 225)",
NOTHING,ANASTACIA,DIRECT,C:\BSIT 3RD YEAR\New VovGest\external_datasets\fullsign225_manual5_team_features_v2\NOTHING\ANASTACIA_DIRECT_NOTHING_040_957BE148.npy,ok,"(30, 225)",
NOTHING,ANASTACIA,DIRECT,C:\BSIT 3RD YEAR\New VovGest\external_datasets\fullsign225_manual5_team_features_v2\NOTHING\ANASTACIA_DIRECT_NOTHING_041_11A538CC.npy,ok,"(30, 225)",
NOTHING,ANASTACIA,DIRECT,C:\BSIT 3RD YEAR\New VovGest\external_datasets\fullsign225_manual5_team_features_v2\NOTHING\ANASTACIA_DIRECT_NOTHING_042_A540F88E.npy,ok,"(30, 225)",
NOTHING,ANASTACIA,DIRECT,C:\BSIT 3RD YEAR\New VovGest\external_datasets\fullsign225_manual5_team_features_v2\NOTHING\ANASTACIA_DIRECT_NOTHING_043_16BACE60.npy,ok,"(30, 225)",
NOTHING,ANASTACIA,DIRECT,C:\BSIT 3RD YEAR\New VovGest\external_datasets\fullsign225_manual5_team_features_v2\NOTHING\ANASTACIA_DIRECT_NOTHING_044_B20FA566.npy,ok,"(30, 225)",
NOTHING,ANASTACIA,DIRECT,C:\BSIT 3RD YEAR\New VovGest\external_datasets\fullsign225_manual5_team_features_v2\NOTHING\ANASTACIA_DIRECT_NOTHING_045_8FC2E290.npy,ok,"(30, 225)",
NOTHING,ANASTACIA,DIRECT,C:\BSIT 3RD YEAR\New VovGest\external_datasets\fullsign225_manual5_team_features_v2\NOTHING\ANASTACIA_DIRECT_NOTHING_046_DD4218F6.npy,ok,"(30, 225)",
NOTHING,ANASTACIA,DIRECT,C:\BSIT 3RD YEAR\New VovGest\external_datasets\fullsign225_manual5_team_features_v2\NOTHING\ANASTACIA_DIRECT_NOTHING_047_33A271CD.npy,ok,"(30, 225)",
NOTHING,ANASTACIA,DIRECT,C:\BSIT 3RD YEAR\New VovGest\external_datasets\fullsign225_manual5_team_features_v2\NOTHING\ANASTACIA_DIRECT_NOTHING_048_955D529C.npy,ok,"(30, 225)",
NOTHING,ANASTACIA,DIRECT,C:\BSIT 3RD YEAR\New VovGest\external_datasets\fullsign225_manual5_team_features_v2\NOTHING\ANASTACIA_DIRECT_NOTHING_049_60B98197.npy,ok,"(30, 225)",
NOTHING,ANASTACIA,DIRECT,C:\BSIT 3RD YEAR\New VovGest\external_datasets\fullsign225_manual5_team_features_v2\NOTHING\ANASTACIA_DIRECT_NOTHING_050_AD43BA99.npy,ok,"(30, 225)",
