CLASS_LABEL,VIDEO_COUNT,PASS,REVIEW,REJECT_TECHNICAL,POSE_DETECTION_RATE,ANY_HAND_DETECTION_RATE,LEFT_HAND_DETECTION_RATE,RIGHT_HAND_DETECTION_RATE,BOTH_HAND_DETECTION_RATE,LANDMARK_DROPOUT_RATE,BODY_IN_FRAME_RATE,HAND_IN_FRAME_RATE,MOTION_DURATION_MS_P05,MOTION_DURATION_MS_MEDIAN,MOTION_DURATION_MS_P95,LANDMARK_FRAME_COUNT_P05,LANDMARK_FRAME_COUNT_MEDIAN,LANDMARK_FRAME_COUNT_P95,MOTION_PEAK_VELOCITY_P05,MOTION_PEAK_VELOCITY_MEDIAN,MOTION_PEAK_VELOCITY_P95,LANDMARK_VELOCITY_P05,LANDMARK_VELOCITY_MEDIAN,LANDMARK_VELOCITY_P95,RETENTION_20_MEDIAN,RETENTION_32_MEDIAN,RETENTION_48_MEDIAN
AGAIN,44,33,11,0,1.0,0.742121,0.639394,0.585455,0.482727,0.022121,1.0,0.739091,1012.0,2340.0,3000.0,24.45,57.0,74.0,0.5577562,1.02822481,1.69970179,0.16370195,0.30212711,0.51558395,0.945334,0.976664,0.988399
CARD,44,34,10,0,1.0,0.765758,0.757879,0.263636,0.255758,0.034848,1.0,0.761515,1686.0,2460.0,2816.0,37.0,60.0,70.4,0.76648959,1.04761091,1.53379063,0.1729085,0.25693301,0.40457443,0.951915,0.978052,0.990159
CASH,38,26,11,1,1.0,0.712982,0.678596,0.632632,0.598246,0.007018,1.0,0.710526,982.0,2360.0,3000.0,22.85,57.5,75.0,0.70522607,1.3076019,2.60198697,0.12493297,0.22886415,0.50964751,0.915479,0.961954,0.982936
COIN,44,27,17,0,1.0,0.718485,0.698182,0.053333,0.03303,0.022727,1.0,0.686061,1320.0,2180.0,2988.0,30.15,52.5,74.7,0.42367072,0.91399677,1.79764549,0.10825115,0.23244444,0.36243994,0.979351,0.99032,0.996054
DISCOUNT,44,28,16,0,1.0,0.677879,0.627576,0.595455,0.545152,0.00303,1.0,0.67303,1126.0,1680.0,2954.0,28.15,42.0,73.85,0.61522826,0.94594393,1.73104903,0.14813965,0.28159556,0.42069044,0.954997,0.982565,0.991678
EIGHT,44,33,10,1,1.0,0.850303,0.850303,0.0,0.0,0.007273,1.0,0.85,452.0,2400.0,3000.0,11.3,58.5,75.0,0.03177541,0.29460548,1.60350045,0.01314932,0.02396792,0.30104034,0.93411,0.966982,0.98758
FIVE,44,32,11,1,1.0,0.849091,0.849091,0.0,0.0,0.012121,1.0,0.849091,446.0,2540.0,3000.0,11.15,61.5,75.0,0.0225954,0.27295572,2.06113639,0.00824686,0.01830933,0.25535673,0.934729,0.971008,0.986668
FOUR,44,27,15,2,1.0,0.842424,0.842424,0.0,0.0,0.020606,1.0,0.842424,486.0,2500.0,3000.0,11.0,60.5,75.0,0.02308289,0.16965272,1.70232081,0.00876369,0.0186275,0.20218215,0.924622,0.967414,0.984317
HELLO,49,19,22,8,1.0,0.604082,0.604082,0.0,0.0,0.058776,1.0,0.601905,760.0,1880.0,2968.0,18.4,36.0,72.6,0.61190336,1.05179981,2.08075458,0.08562163,0.2038623,0.31529184,0.958886,0.983359,0.992224
HOW_MANY,44,20,23,1,1.0,0.620303,0.617879,0.017273,0.014848,0.052121,1.0,0.6,1070.0,1720.0,2634.0,22.3,40.5,63.85,1.01406932,1.40352906,2.3100626,0.19994958,0.42238105,0.57355313,0.96836,0.985009,0.992719
HOW_MUCH,44,12,27,5,1.0,0.579394,0.578485,0.002727,0.001818,0.059697,1.0,0.57697,606.0,1840.0,2760.0,14.0,41.5,65.0,0.49894788,1.13909877,2.16595335,0.06648514,0.26462541,0.53681583,0.951162,0.979623,0.991439
NINE,44,27,17,0,1.0,0.823636,0.823636,0.000606,0.000606,0.010303,1.0,0.823333,440.0,2340.0,3000.0,11.0,58.0,75.0,0.02330863,0.27291763,2.20016735,0.00940244,0.02293118,0.33862362,0.944441,0.968319,0.987371
NO,42,33,9,0,1.0,0.896825,0.89619,0.000635,0.0,0.00381,1.0,0.896508,1764.0,2640.0,3000.0,44.1,65.5,75.0,0.30304398,0.59019492,1.04380339,0.06459523,0.10651893,0.1891465,0.891769,0.951092,0.977731
ONE,44,21,23,0,1.0,0.810303,0.810303,0.000606,0.000606,0.019697,1.0,0.809697,682.0,2380.0,3000.0,17.05,59.0,75.0,0.02441321,0.15600694,1.40771041,0.01101876,0.02160086,0.20119656,0.922146,0.963691,0.983024
PLEASE,42,17,25,0,1.0,0.882222,0.881905,0.003175,0.002857,0.006349,1.0,0.878413,2128.0,2580.0,3000.0,53.15,64.5,75.0,0.479487,0.75452488,1.19552691,0.13288183,0.19969654,0.33853369,0.822588,0.919223,0.960224
PROBLEM,42,38,4,0,1.0,0.857778,0.754921,0.737778,0.634921,0.018413,1.0,0.853651,2010.0,2580.0,2998.0,48.1,63.0,73.95,1.24673747,1.91860666,2.83830365,0.37132292,0.67576291,0.92753485,0.885608,0.948182,0.974717
RECEIPT,42,28,13,1,1.0,0.769524,0.763492,0.764762,0.75873,0.007302,1.0,0.768571,1046.0,2400.0,3000.0,25.2,60.0,75.0,0.30142448,0.79033051,1.48871202,0.08370994,0.17377453,0.33338502,0.882665,0.94667,0.977962
SEVEN,42,25,17,0,1.0,0.835873,0.835873,0.0,0.0,0.003492,1.0,0.835556,480.0,2640.0,3000.0,12.0,66.0,75.0,0.02694315,0.18115302,1.63030465,0.01017426,0.02264967,0.43530973,0.920964,0.966324,0.983398
SIX,42,25,17,0,1.0,0.836508,0.836508,0.0,0.0,0.003492,1.0,0.835873,562.0,2520.0,3000.0,14.05,63.0,75.0,0.02911394,0.14888603,1.87534436,0.01006706,0.02073394,0.18498048,0.933759,0.96642,0.982645
TEN,40,22,18,0,1.0,0.883,0.882333,0.001,0.000333,0.011667,1.0,0.882667,2060.0,2780.0,3000.0,49.6,69.0,75.0,0.31571863,0.6586312,1.05867553,0.09453763,0.18374538,0.29515578,0.852638,0.929481,0.96822
THANK_YOU,42,24,17,1,1.0,0.687302,0.671429,0.634603,0.61873,0.038413,1.0,0.68254,764.0,2320.0,2992.0,19.05,54.5,74.7,0.68158511,1.10128809,1.79543838,0.13684457,0.2522571,0.46980741,0.955503,0.980615,0.991951
THREE,40,28,12,0,1.0,0.844333,0.826,0.018333,0.0,0.000333,1.0,0.844,438.0,2400.0,3000.0,10.95,60.0,75.0,0.02365582,0.12514457,1.8831934,0.00965695,0.01849095,0.30388394,0.94382,0.972081,0.989162
TWO,42,25,17,0,1.0,0.84381,0.84381,0.000317,0.000317,0.006032,1.0,0.84381,606.0,2380.0,3000.0,15.15,59.0,75.0,0.02809352,0.39875748,1.22660076,0.01023898,0.02156566,0.19468072,0.928451,0.969928,0.986519
WAIT,40,29,11,0,1.0,0.849333,0.849333,0.000333,0.000333,0.012,1.0,0.847,518.0,2520.0,3000.0,12.0,62.0,75.0,0.01995295,0.37382012,1.60343731,0.00691915,0.03606133,0.30159117,0.909835,0.962608,0.986564
WELCOME,40,11,23,6,1.0,0.611,0.605667,0.162,0.156667,0.098,1.0,0.587,998.0,2040.0,2882.0,22.95,39.0,63.0,0.60154944,1.11972966,1.93119159,0.08445727,0.24094394,0.47031823,0.959253,0.983208,0.992158
YES,40,26,12,2,1.0,0.913667,0.912,0.002667,0.001,0.027333,1.0,0.913333,2320.0,2720.0,3000.0,49.95,67.5,75.0,0.3759554,0.93736482,1.69990344,0.10731691,0.23711861,0.41207243,0.802573,0.915259,0.960643
